{
    "sensor_data": {
        "temperature": 12.0,
        "humidity": 88.0,
        "pressure": 995.0
    },
    "metadata": {
        "timestamp": "2025-12-05T17:12:54.405628",
        "location": "55.4190, 10.3421",
        "camera_id": "video_camera_01",
        "motion": "slow",
        "resource_constrained": false,
        "collector_capture_ts": 1764951174.3746905,
        "video_timestamp_sec": 12.0,
        "video_file": "flood_video_20251005_150257.mp4",
        "collector_publish_ts": 1764951174.4699097,
        "run_id": "20251205-201129-633011",
        "processor_queue_enter_ts": 1764961926.3929913,
        "processor_receive_ts": 1764961927.1817088,
        "processor_queue_exit_ts": 1764961927.1816616,
        "sensor_baseline": {
            "temperature_baseline": 17.0,
            "humidity_baseline": 78.0,
            "pressure_baseline": 1016.0
        },
        "sensor_data": {
            "temperature": 12.0,
            "humidity": 88.0,
            "pressure": 995.0
        },
        "sensor_anomalies": {
            "delta_temperature": -5.0,
            "delta_humidity": 10.0,
            "delta_pressure": -21.0
        }
    },
    "classification_result": {
        "frame_index": 11,
        "state": "S2",
        "model_tier": "large",
        "prediction": 2,
        "scores": {
            "combined_score": 2.080580896851962,
            "image_score": 2.000580896851962,
            "sensor_boost": 0.08,
            "sensor_prediction": "wet"
        },
        "counters": {
            "high": 6,
            "low": 0,
            "ambiguous": 0,
            "conflict": 0,
            "mid": 0
        },
        "llm_used": false,
        "llm_prediction": null,
        "conflict": false,
        "drift": false,
        "flapping": false,
        "skipped": false,
        "model_switched": false,
        "tier_requested": "large",
        "backend": "remote",
        "backend_info": {
            "latency_s": 0.33306145668029785,
            "request_id": "4cf7095b9fb64506975d9d333ec5d94f",
            "sent_at": 1764961927.1987221,
            "received_at": 1764961927.5317836,
            "timing": {
                "queue_wait_s": 0.0005280479999782983,
                "preprocess_s": 0.04256421900026908,
                "inference_s": 0.2863205689991446,
                "result_format_s": 3.532699884090107e-05,
                "compute_s": 0.3292931279993354,
                "total_runtime_s": 0.3298211759993137,
                "mqtt_request_json_deserialize_s": 0.001272985000468907,
                "mqtt_receive_ts": 1764961927.1546893,
                "network_pi_to_jetson_s": 0.0,
                "sent_ts": 1764961927.1932561,
                "received_ts": 1764961927.1546893,
                "process_start_ts": 1764961927.1554823,
                "process_end_ts": 1764961927.484781,
                "mqtt_json_deserialize_s": 4.188899947621394e-05,
                "image_bytes_retrieve_s": 6.850004865555093e-07,
                "mqtt_json_serialize_s": 0.00094418700064125,
                "mqtt_publish_s": 0.00015172299936239142,
                "mqtt_wait_publish_s": 0.004349732000264339,
                "mqtt_wait_response_s": 0.3330941569984134
            }
        },
        "llm_backend_info": {},
        "s2_llm_confirmed": true,
        "timing": {
            "inference_s": 0.33306145668029785,
            "backend_queue_wait_s": 0.0005280479999782983,
            "backend_preprocess_s": 0.04256421900026908,
            "backend_inference_s": 0.2863205689991446,
            "backend_result_format_s": 3.532699884090107e-05,
            "backend_compute_s": 0.3292931279993354,
            "backend_total_runtime_s": 0.3298211759993137,
            "backend_mqtt_request_json_deserialize_s": 0.001272985000468907,
            "backend_mqtt_receive_ts": 1764961927.1546893,
            "backend_network_pi_to_jetson_s": 0.0,
            "backend_sent_ts": 1764961927.1932561,
            "backend_received_ts": 1764961927.1546893,
            "backend_process_start_ts": 1764961927.1554823,
            "backend_process_end_ts": 1764961927.484781,
            "backend_mqtt_json_deserialize_s": 4.188899947621394e-05,
            "backend_image_bytes_retrieve_s": 6.850004865555093e-07,
            "backend_mqtt_json_serialize_s": 0.00094418700064125,
            "backend_mqtt_publish_s": 0.00015172299936239142,
            "backend_mqtt_wait_publish_s": 0.004349732000264339,
            "backend_mqtt_wait_response_s": 0.3330941569984134,
            "fsm_baseline_lookup_s": 5.297000825521536e-06,
            "fsm_state_transition_s": 3.655500040622428e-05,
            "fsm_tier_selection_s": 1.774100019247271e-05,
            "fsm_infer_dispatch_s": 0.34415916499892774,
            "fsm_classification_core_s": 0.002178393999201944,
            "fsm_state_evaluation_s": 5.870000677532516e-06,
            "fsm_s2_enforce_s": 3.388999175513163e-06,
            "fsm_total_s": 0.3469871699999203,
            "classification_s": 0.002178393999201944
        }
    },
    "timing": {
        "json_parse_s": 0.0004043529988848604,
        "processor_queue_enter_ts": 1764961926.3929913,
        "collector_capture_ts": 1764951174.3746905,
        "collector_capture_to_processor_receive_s": 10752.80701828003,
        "collector_capture_to_queue_enter_s": 10752.018300771713,
        "collector_publish_ts": 1764951174.4699097,
        "collector_publish_to_processor_receive_s": 10752.711799144745,
        "collector_publish_to_queue_enter_s": 10751.923081636429,
        "process_start_ts": 1764961927.1817088,
        "pipeline_latency_s": 0.35524596699906397,
        "queue_wait_s": 0.7886703330004821,
        "processor_queue_exit_ts": 1764961927.1816616,
        "validation_storage_s": 0.00215646799915703,
        "inference_s": 0.33306145668029785,
        "backend_queue_wait_s": 0.0005280479999782983,
        "backend_preprocess_s": 0.04256421900026908,
        "backend_inference_s": 0.2863205689991446,
        "backend_result_format_s": 3.532699884090107e-05,
        "backend_compute_s": 0.3292931279993354,
        "backend_total_runtime_s": 0.3298211759993137,
        "backend_mqtt_request_json_deserialize_s": 0.001272985000468907,
        "backend_mqtt_receive_ts": 1764961927.1546893,
        "backend_network_pi_to_jetson_s": 0.0,
        "backend_sent_ts": 1764961927.1932561,
        "backend_received_ts": 1764961927.1546893,
        "backend_process_start_ts": 1764961927.1554823,
        "backend_process_end_ts": 1764961927.484781,
        "backend_mqtt_json_deserialize_s": 4.188899947621394e-05,
        "backend_image_bytes_retrieve_s": 6.850004865555093e-07,
        "backend_mqtt_json_serialize_s": 0.00094418700064125,
        "backend_mqtt_publish_s": 0.00015172299936239142,
        "backend_mqtt_wait_publish_s": 0.004349732000264339,
        "backend_mqtt_wait_response_s": 0.3330941569984134,
        "fsm_baseline_lookup_s": 5.297000825521536e-06,
        "fsm_state_transition_s": 3.655500040622428e-05,
        "fsm_tier_selection_s": 1.774100019247271e-05,
        "fsm_infer_dispatch_s": 0.34415916499892774,
        "fsm_classification_core_s": 0.002178393999201944,
        "fsm_state_evaluation_s": 5.870000677532516e-06,
        "fsm_s2_enforce_s": 3.388999175513163e-06,
        "fsm_total_s": 0.3469871699999203,
        "classification_s": 0.002178393999201944,
        "backend_latency_s": 0.33306145668029785,
        "backend_roundtrip_s": 0.33306145668029785,
        "baseline_update_s": 2.722999852267094e-06,
        "result_save_s": 0.0018411900000501191,
        "total_pipeline_latency_s": 0.5648829949986975
    }
}