{
    "sensor_data": {
        "temperature": 12.0,
        "humidity": 88.0,
        "pressure": 995.0
    },
    "metadata": {
        "timestamp": "2025-12-05T17:12:55.442205",
        "location": "55.3562, 10.4188",
        "camera_id": "video_camera_01",
        "motion": "slow",
        "resource_constrained": false,
        "collector_capture_ts": 1764951175.4095557,
        "video_timestamp_sec": 13.0,
        "video_file": "flood_video_20251005_150257.mp4",
        "collector_publish_ts": 1764951175.5125804,
        "run_id": "20251205-201129-633011",
        "processor_queue_enter_ts": 1764961927.3844547,
        "processor_receive_ts": 1764961927.9643106,
        "processor_queue_exit_ts": 1764961927.9642608,
        "sensor_baseline": {
            "temperature_baseline": 17.0,
            "humidity_baseline": 78.0,
            "pressure_baseline": 1016.0
        },
        "sensor_data": {
            "temperature": 12.0,
            "humidity": 88.0,
            "pressure": 995.0
        },
        "sensor_anomalies": {
            "delta_temperature": -5.0,
            "delta_humidity": 10.0,
            "delta_pressure": -21.0
        }
    },
    "classification_result": {
        "frame_index": 12,
        "state": "S2",
        "model_tier": "large",
        "prediction": 2,
        "scores": {
            "combined_score": 2.3467802477794137,
            "image_score": 2.2667802477794137,
            "sensor_boost": 0.08,
            "sensor_prediction": "wet"
        },
        "counters": {
            "high": 8,
            "low": 0,
            "ambiguous": 0,
            "conflict": 0,
            "mid": 0
        },
        "llm_used": false,
        "llm_prediction": null,
        "conflict": false,
        "drift": false,
        "flapping": false,
        "skipped": false,
        "model_switched": false,
        "tier_requested": "large",
        "backend": "remote",
        "backend_info": {
            "latency_s": 0.3388857841491699,
            "request_id": "783e8de0d9ce4edf9ca8dd802361d6b8",
            "sent_at": 1764961927.9823978,
            "received_at": 1764961928.3212836,
            "timing": {
                "queue_wait_s": 0.000563919000342139,
                "preprocess_s": 0.03467226499924436,
                "inference_s": 0.30024709300050745,
                "result_format_s": 3.0367998988367617e-05,
                "compute_s": 0.3353190899997571,
                "total_runtime_s": 0.33588300900009926,
                "mqtt_request_json_deserialize_s": 0.001418293000824633,
                "mqtt_receive_ts": 1764961927.9383037,
                "network_pi_to_jetson_s": 0.0,
                "sent_ts": 1764961927.976069,
                "received_ts": 1764961927.9383037,
                "process_start_ts": 1764961927.9391112,
                "process_end_ts": 1764961928.2744348,
                "mqtt_json_deserialize_s": 5.0352000471320935e-05,
                "image_bytes_retrieve_s": 6.479986041085795e-07,
                "mqtt_json_serialize_s": 0.0011481140008982038,
                "mqtt_publish_s": 0.00017877899881568737,
                "mqtt_wait_publish_s": 0.004983696000635973,
                "mqtt_wait_response_s": 0.33897709700067935
            }
        },
        "llm_backend_info": {},
        "s2_llm_confirmed": true,
        "timing": {
            "inference_s": 0.3388857841491699,
            "backend_queue_wait_s": 0.000563919000342139,
            "backend_preprocess_s": 0.03467226499924436,
            "backend_inference_s": 0.30024709300050745,
            "backend_result_format_s": 3.0367998988367617e-05,
            "backend_compute_s": 0.3353190899997571,
            "backend_total_runtime_s": 0.33588300900009926,
            "backend_mqtt_request_json_deserialize_s": 0.001418293000824633,
            "backend_mqtt_receive_ts": 1764961927.9383037,
            "backend_network_pi_to_jetson_s": 0.0,
            "backend_sent_ts": 1764961927.976069,
            "backend_received_ts": 1764961927.9383037,
            "backend_process_start_ts": 1764961927.9391112,
            "backend_process_end_ts": 1764961928.2744348,
            "backend_mqtt_json_deserialize_s": 5.0352000471320935e-05,
            "backend_image_bytes_retrieve_s": 6.479986041085795e-07,
            "backend_mqtt_json_serialize_s": 0.0011481140008982038,
            "backend_mqtt_publish_s": 0.00017877899881568737,
            "backend_mqtt_wait_publish_s": 0.004983696000635973,
            "backend_mqtt_wait_response_s": 0.33897709700067935,
            "fsm_baseline_lookup_s": 5.333000444807112e-06,
            "fsm_state_transition_s": 3.742700027942192e-05,
            "fsm_tier_selection_s": 1.783299921953585e-05,
            "fsm_infer_dispatch_s": 0.35082193900052516,
            "fsm_classification_core_s": 0.0021581340006378014,
            "fsm_state_evaluation_s": 5.869998858543113e-06,
            "fsm_s2_enforce_s": 3.5930006561102346e-06,
            "fsm_total_s": 0.3536161110005196,
            "classification_s": 0.0021581340006378014
        }
    },
    "timing": {
        "json_parse_s": 0.0004817609988094773,
        "processor_queue_enter_ts": 1764961927.3844547,
        "collector_capture_ts": 1764951175.4095557,
        "collector_capture_to_processor_receive_s": 10752.554754972458,
        "collector_capture_to_queue_enter_s": 10751.974899053574,
        "collector_publish_ts": 1764951175.5125804,
        "collector_publish_to_processor_receive_s": 10752.451730251312,
        "collector_publish_to_queue_enter_s": 10751.871874332428,
        "process_start_ts": 1764961927.9643106,
        "pipeline_latency_s": 0.36217977800151857,
        "queue_wait_s": 0.5798060649995023,
        "processor_queue_exit_ts": 1764961927.9642608,
        "validation_storage_s": 0.002415357999780099,
        "inference_s": 0.3388857841491699,
        "backend_queue_wait_s": 0.000563919000342139,
        "backend_preprocess_s": 0.03467226499924436,
        "backend_inference_s": 0.30024709300050745,
        "backend_result_format_s": 3.0367998988367617e-05,
        "backend_compute_s": 0.3353190899997571,
        "backend_total_runtime_s": 0.33588300900009926,
        "backend_mqtt_request_json_deserialize_s": 0.001418293000824633,
        "backend_mqtt_receive_ts": 1764961927.9383037,
        "backend_network_pi_to_jetson_s": 0.0,
        "backend_sent_ts": 1764961927.976069,
        "backend_received_ts": 1764961927.9383037,
        "backend_process_start_ts": 1764961927.9391112,
        "backend_process_end_ts": 1764961928.2744348,
        "backend_mqtt_json_deserialize_s": 5.0352000471320935e-05,
        "backend_image_bytes_retrieve_s": 6.479986041085795e-07,
        "backend_mqtt_json_serialize_s": 0.0011481140008982038,
        "backend_mqtt_publish_s": 0.00017877899881568737,
        "backend_mqtt_wait_publish_s": 0.004983696000635973,
        "backend_mqtt_wait_response_s": 0.33897709700067935,
        "fsm_baseline_lookup_s": 5.333000444807112e-06,
        "fsm_state_transition_s": 3.742700027942192e-05,
        "fsm_tier_selection_s": 1.783299921953585e-05,
        "fsm_infer_dispatch_s": 0.35082193900052516,
        "fsm_classification_core_s": 0.0021581340006378014,
        "fsm_state_evaluation_s": 5.869998858543113e-06,
        "fsm_s2_enforce_s": 3.5930006561102346e-06,
        "fsm_total_s": 0.3536161110005196,
        "classification_s": 0.0021581340006378014,
        "backend_latency_s": 0.3388857841491699,
        "backend_roundtrip_s": 0.3388857841491699,
        "baseline_update_s": 2.5000008463393897e-06,
        "result_save_s": 0.0018095959985657828,
        "total_pipeline_latency_s": 0.5719300840009964
    }
}