{
    "sensor_data": {
        "temperature": 12.0,
        "humidity": 88.0,
        "pressure": 995.0
    },
    "metadata": {
        "timestamp": "2025-12-05T17:12:57.195919",
        "location": "55.4478, 10.3890",
        "camera_id": "video_camera_01",
        "motion": "slow",
        "resource_constrained": false,
        "collector_capture_ts": 1764951177.1627533,
        "video_timestamp_sec": 14.5,
        "video_file": "flood_video_20251005_150257.mp4",
        "collector_publish_ts": 1764951177.2585862,
        "run_id": "20251205-201129-633011",
        "processor_queue_enter_ts": 1764961929.268649,
        "processor_receive_ts": 1764961929.4870634,
        "processor_queue_exit_ts": 1764961929.487017,
        "sensor_baseline": {
            "temperature_baseline": 17.0,
            "humidity_baseline": 78.0,
            "pressure_baseline": 1016.0
        },
        "sensor_data": {
            "temperature": 12.0,
            "humidity": 88.0,
            "pressure": 995.0
        },
        "sensor_anomalies": {
            "delta_temperature": -5.0,
            "delta_humidity": 10.0,
            "delta_pressure": -21.0
        }
    },
    "classification_result": {
        "frame_index": 14,
        "state": "S2",
        "model_tier": "large",
        "prediction": 2,
        "scores": {
            "combined_score": 2.600460429362009,
            "image_score": 2.520460429362009,
            "sensor_boost": 0.08,
            "sensor_prediction": "wet"
        },
        "counters": {
            "high": 12,
            "low": 0,
            "ambiguous": 0,
            "conflict": 0,
            "mid": 0
        },
        "llm_used": false,
        "llm_prediction": null,
        "conflict": false,
        "drift": false,
        "flapping": false,
        "skipped": false,
        "model_switched": false,
        "tier_requested": "large",
        "backend": "remote",
        "backend_info": {
            "latency_s": 0.2845754623413086,
            "request_id": "0ce96e3ad56a4f8bb0599f7b725b1c67",
            "sent_at": 1764961929.5059226,
            "received_at": 1764961929.790498,
            "timing": {
                "queue_wait_s": 0.0005773899993073428,
                "preprocess_s": 0.03298722800172982,
                "inference_s": 0.2468149460000859,
                "result_format_s": 3.471900163276587e-05,
                "compute_s": 0.28027892699901713,
                "total_runtime_s": 0.2808563169983245,
                "mqtt_request_json_deserialize_s": 0.0015070900008140597,
                "mqtt_receive_ts": 1764961929.4624577,
                "network_pi_to_jetson_s": 0.0,
                "sent_ts": 1764961929.500201,
                "received_ts": 1764961929.4624577,
                "process_start_ts": 1764961929.4632618,
                "process_end_ts": 1764961929.7435446,
                "mqtt_json_deserialize_s": 4.642600106308237e-05,
                "image_bytes_retrieve_s": 7.960006769280881e-07,
                "mqtt_json_serialize_s": 0.0012370399999781512,
                "mqtt_publish_s": 0.0004052599997521611,
                "mqtt_wait_publish_s": 0.0040624899993417785,
                "mqtt_wait_response_s": 0.2846600299999409
            }
        },
        "llm_backend_info": {},
        "s2_llm_confirmed": true,
        "timing": {
            "inference_s": 0.2845754623413086,
            "backend_queue_wait_s": 0.0005773899993073428,
            "backend_preprocess_s": 0.03298722800172982,
            "backend_inference_s": 0.2468149460000859,
            "backend_result_format_s": 3.471900163276587e-05,
            "backend_compute_s": 0.28027892699901713,
            "backend_total_runtime_s": 0.2808563169983245,
            "backend_mqtt_request_json_deserialize_s": 0.0015070900008140597,
            "backend_mqtt_receive_ts": 1764961929.4624577,
            "backend_network_pi_to_jetson_s": 0.0,
            "backend_sent_ts": 1764961929.500201,
            "backend_received_ts": 1764961929.4624577,
            "backend_process_start_ts": 1764961929.4632618,
            "backend_process_end_ts": 1764961929.7435446,
            "backend_mqtt_json_deserialize_s": 4.642600106308237e-05,
            "backend_image_bytes_retrieve_s": 7.960006769280881e-07,
            "backend_mqtt_json_serialize_s": 0.0012370399999781512,
            "backend_mqtt_publish_s": 0.0004052599997521611,
            "backend_mqtt_wait_publish_s": 0.0040624899993417785,
            "backend_mqtt_wait_response_s": 0.2846600299999409,
            "fsm_baseline_lookup_s": 4.685000021709129e-06,
            "fsm_state_transition_s": 3.6981000448577106e-05,
            "fsm_tier_selection_s": 1.7018999642459676e-05,
            "fsm_infer_dispatch_s": 0.2977005040011136,
            "fsm_classification_core_s": 0.002918173000580282,
            "fsm_state_evaluation_s": 5.740999768022448e-06,
            "fsm_s2_enforce_s": 3.8520011003129184e-06,
            "fsm_total_s": 0.3012725680000585,
            "classification_s": 0.002918173000580282
        }
    },
    "timing": {
        "json_parse_s": 0.0005139089989825152,
        "processor_queue_enter_ts": 1764961929.268649,
        "collector_capture_ts": 1764951177.1627533,
        "collector_capture_to_processor_receive_s": 10752.324310064316,
        "collector_capture_to_queue_enter_s": 10752.105895757675,
        "collector_publish_ts": 1764951177.2585862,
        "collector_publish_to_processor_receive_s": 10752.228477239609,
        "collector_publish_to_queue_enter_s": 10752.010062932968,
        "process_start_ts": 1764961929.4870634,
        "pipeline_latency_s": 0.30955434499992407,
        "queue_wait_s": 0.2183678620003775,
        "processor_queue_exit_ts": 1764961929.487017,
        "validation_storage_s": 0.002371078999203746,
        "inference_s": 0.2845754623413086,
        "backend_queue_wait_s": 0.0005773899993073428,
        "backend_preprocess_s": 0.03298722800172982,
        "backend_inference_s": 0.2468149460000859,
        "backend_result_format_s": 3.471900163276587e-05,
        "backend_compute_s": 0.28027892699901713,
        "backend_total_runtime_s": 0.2808563169983245,
        "backend_mqtt_request_json_deserialize_s": 0.0015070900008140597,
        "backend_mqtt_receive_ts": 1764961929.4624577,
        "backend_network_pi_to_jetson_s": 0.0,
        "backend_sent_ts": 1764961929.500201,
        "backend_received_ts": 1764961929.4624577,
        "backend_process_start_ts": 1764961929.4632618,
        "backend_process_end_ts": 1764961929.7435446,
        "backend_mqtt_json_deserialize_s": 4.642600106308237e-05,
        "backend_image_bytes_retrieve_s": 7.960006769280881e-07,
        "backend_mqtt_json_serialize_s": 0.0012370399999781512,
        "backend_mqtt_publish_s": 0.0004052599997521611,
        "backend_mqtt_wait_publish_s": 0.0040624899993417785,
        "backend_mqtt_wait_response_s": 0.2846600299999409,
        "fsm_baseline_lookup_s": 4.685000021709129e-06,
        "fsm_state_transition_s": 3.6981000448577106e-05,
        "fsm_tier_selection_s": 1.7018999642459676e-05,
        "fsm_infer_dispatch_s": 0.2977005040011136,
        "fsm_classification_core_s": 0.002918173000580282,
        "fsm_state_evaluation_s": 5.740999768022448e-06,
        "fsm_s2_enforce_s": 3.8520011003129184e-06,
        "fsm_total_s": 0.3012725680000585,
        "classification_s": 0.002918173000580282,
        "backend_latency_s": 0.2845754623413086,
        "backend_roundtrip_s": 0.2845754623413086,
        "baseline_update_s": 2.7959995350101963e-06,
        "result_save_s": 0.004825529998925049,
        "total_pipeline_latency_s": 0.5223581390000618
    }
}