{
    "sensor_data": {
        "temperature": 12.0,
        "humidity": 88.0,
        "pressure": 995.0
    },
    "metadata": {
        "timestamp": "2025-12-05T17:13:00.720684",
        "location": "55.3944, 10.4891",
        "camera_id": "video_camera_01",
        "motion": "slow",
        "resource_constrained": false,
        "collector_capture_ts": 1764951180.6882951,
        "video_timestamp_sec": 18.0,
        "video_file": "flood_video_20251005_150257.mp4",
        "collector_publish_ts": 1764951180.7901518,
        "run_id": "20251205-201129-633011",
        "processor_queue_enter_ts": 1764961932.663506,
        "processor_receive_ts": 1764961933.2104037,
        "processor_queue_exit_ts": 1764961933.2103488,
        "sensor_baseline": {
            "temperature_baseline": 17.0,
            "humidity_baseline": 78.0,
            "pressure_baseline": 1016.0
        },
        "sensor_data": {
            "temperature": 12.0,
            "humidity": 88.0,
            "pressure": 995.0
        },
        "sensor_anomalies": {
            "delta_temperature": -5.0,
            "delta_humidity": 10.0,
            "delta_pressure": -21.0
        }
    },
    "classification_result": {
        "frame_index": 17,
        "state": "S1",
        "model_tier": "large",
        "prediction": 2,
        "scores": {
            "combined_score": 3.002660587427983,
            "image_score": 2.9226605874279827,
            "sensor_boost": 0.08,
            "sensor_prediction": "wet"
        },
        "counters": {
            "high": 3,
            "low": 0,
            "ambiguous": 0,
            "conflict": 0,
            "mid": 0
        },
        "llm_used": false,
        "llm_prediction": null,
        "conflict": false,
        "drift": false,
        "flapping": true,
        "skipped": false,
        "model_switched": false,
        "tier_requested": "large",
        "backend": "remote",
        "backend_info": {
            "latency_s": 0.41159892082214355,
            "request_id": "ff18c9f2a21c41b79490bcedba289373",
            "sent_at": 1764961933.2262454,
            "received_at": 1764961933.6378443,
            "timing": {
                "queue_wait_s": 0.0002358330002607545,
                "preprocess_s": 0.046799034000287065,
                "inference_s": 0.3600609959994472,
                "result_format_s": 4.198199894744903e-05,
                "compute_s": 0.4073084329993435,
                "total_runtime_s": 0.40754426599960425,
                "mqtt_request_json_deserialize_s": 0.0015887839999777498,
                "mqtt_receive_ts": 1764961933.183282,
                "network_pi_to_jetson_s": 0.0,
                "sent_ts": 1764961933.2197158,
                "received_ts": 1764961933.183282,
                "process_start_ts": 1764961933.1839378,
                "process_end_ts": 1764961933.5912526,
                "mqtt_json_deserialize_s": 4.818500019609928e-05,
                "image_bytes_retrieve_s": 5.559995770454407e-07,
                "mqtt_json_serialize_s": 0.0011960390002059285,
                "mqtt_publish_s": 0.00019364899890206289,
                "mqtt_wait_publish_s": 0.005117344999234774,
                "mqtt_wait_response_s": 0.41170374099965557
            }
        },
        "llm_backend_info": {},
        "s2_llm_confirmed": false,
        "timing": {
            "inference_s": 0.41159892082214355,
            "backend_queue_wait_s": 0.0002358330002607545,
            "backend_preprocess_s": 0.046799034000287065,
            "backend_inference_s": 0.3600609959994472,
            "backend_result_format_s": 4.198199894744903e-05,
            "backend_compute_s": 0.4073084329993435,
            "backend_total_runtime_s": 0.40754426599960425,
            "backend_mqtt_request_json_deserialize_s": 0.0015887839999777498,
            "backend_mqtt_receive_ts": 1764961933.183282,
            "backend_network_pi_to_jetson_s": 0.0,
            "backend_sent_ts": 1764961933.2197158,
            "backend_received_ts": 1764961933.183282,
            "backend_process_start_ts": 1764961933.1839378,
            "backend_process_end_ts": 1764961933.5912526,
            "backend_mqtt_json_deserialize_s": 4.818500019609928e-05,
            "backend_image_bytes_retrieve_s": 5.559995770454407e-07,
            "backend_mqtt_json_serialize_s": 0.0011960390002059285,
            "backend_mqtt_publish_s": 0.00019364899890206289,
            "backend_mqtt_wait_publish_s": 0.005117344999234774,
            "backend_mqtt_wait_response_s": 0.41170374099965557,
            "fsm_baseline_lookup_s": 5.018999218009412e-06,
            "fsm_state_transition_s": 3.959199966629967e-05,
            "fsm_tier_selection_s": 1.7259000742342323e-05,
            "fsm_infer_dispatch_s": 0.4231150630002958,
            "fsm_classification_core_s": 0.0026251540002704132,
            "fsm_state_evaluation_s": 6.482001481344923e-06,
            "fsm_s2_enforce_s": 3.406999894650653e-06,
            "fsm_total_s": 0.42636808899987955,
            "classification_s": 0.0026251540002704132
        }
    },
    "timing": {
        "json_parse_s": 0.0005142789996170904,
        "processor_queue_enter_ts": 1764961932.663506,
        "collector_capture_ts": 1764951180.6882951,
        "collector_capture_to_processor_receive_s": 10752.52210855484,
        "collector_capture_to_queue_enter_s": 10751.975210905075,
        "collector_publish_ts": 1764951180.7901518,
        "collector_publish_to_processor_receive_s": 10752.420251846313,
        "collector_publish_to_queue_enter_s": 10751.873354196548,
        "process_start_ts": 1764961933.2104037,
        "pipeline_latency_s": 0.4329443820006418,
        "queue_wait_s": 0.5468428229996789,
        "processor_queue_exit_ts": 1764961933.2103488,
        "validation_storage_s": 0.00210702299955301,
        "inference_s": 0.41159892082214355,
        "backend_queue_wait_s": 0.0002358330002607545,
        "backend_preprocess_s": 0.046799034000287065,
        "backend_inference_s": 0.3600609959994472,
        "backend_result_format_s": 4.198199894744903e-05,
        "backend_compute_s": 0.4073084329993435,
        "backend_total_runtime_s": 0.40754426599960425,
        "backend_mqtt_request_json_deserialize_s": 0.0015887839999777498,
        "backend_mqtt_receive_ts": 1764961933.183282,
        "backend_network_pi_to_jetson_s": 0.0,
        "backend_sent_ts": 1764961933.2197158,
        "backend_received_ts": 1764961933.183282,
        "backend_process_start_ts": 1764961933.1839378,
        "backend_process_end_ts": 1764961933.5912526,
        "backend_mqtt_json_deserialize_s": 4.818500019609928e-05,
        "backend_image_bytes_retrieve_s": 5.559995770454407e-07,
        "backend_mqtt_json_serialize_s": 0.0011960390002059285,
        "backend_mqtt_publish_s": 0.00019364899890206289,
        "backend_mqtt_wait_publish_s": 0.005117344999234774,
        "backend_mqtt_wait_response_s": 0.41170374099965557,
        "fsm_baseline_lookup_s": 5.018999218009412e-06,
        "fsm_state_transition_s": 3.959199966629967e-05,
        "fsm_tier_selection_s": 1.7259000742342323e-05,
        "fsm_infer_dispatch_s": 0.4231150630002958,
        "fsm_classification_core_s": 0.0026251540002704132,
        "fsm_state_evaluation_s": 6.482001481344923e-06,
        "fsm_s2_enforce_s": 3.406999894650653e-06,
        "fsm_total_s": 0.42636808899987955,
        "classification_s": 0.0026251540002704132,
        "backend_latency_s": 0.41159892082214355,
        "backend_roundtrip_s": 0.41159892082214355,
        "baseline_update_s": 2.74099875241518e-06,
        "result_save_s": 0.0017961699995794334,
        "total_pipeline_latency_s": 0.6428358539997134
    }
}