{
    "sensor_data": {
        "temperature": 12.0,
        "humidity": 88.0,
        "pressure": 995.0
    },
    "metadata": {
        "timestamp": "2025-12-05T17:13:01.793371",
        "location": "55.4211, 10.4654",
        "camera_id": "video_camera_01",
        "motion": "slow",
        "resource_constrained": false,
        "collector_capture_ts": 1764951181.7603514,
        "video_timestamp_sec": 19.0,
        "video_file": "flood_video_20251005_150257.mp4",
        "collector_publish_ts": 1764951181.8669038,
        "run_id": "20251205-201129-633011",
        "processor_queue_enter_ts": 1764961933.8537946,
        "processor_receive_ts": 1764961934.071747,
        "processor_queue_exit_ts": 1764961934.0716991,
        "sensor_baseline": {
            "temperature_baseline": 17.0,
            "humidity_baseline": 78.0,
            "pressure_baseline": 1016.0
        },
        "sensor_data": {
            "temperature": 12.0,
            "humidity": 88.0,
            "pressure": 995.0
        },
        "sensor_anomalies": {
            "delta_temperature": -5.0,
            "delta_humidity": 10.0,
            "delta_pressure": -21.0
        }
    },
    "classification_result": {
        "frame_index": 18,
        "state": "S2",
        "model_tier": "medium",
        "prediction": 2,
        "scores": {
            "combined_score": 1.4824758300202479,
            "image_score": 1.4024758300202478,
            "sensor_boost": 0.08,
            "sensor_prediction": "wet"
        },
        "counters": {
            "high": 5,
            "low": 0,
            "ambiguous": 0,
            "conflict": 0,
            "mid": 0
        },
        "llm_used": false,
        "llm_prediction": null,
        "conflict": false,
        "drift": false,
        "flapping": true,
        "skipped": false,
        "model_switched": false,
        "tier_requested": "medium",
        "backend": "remote",
        "backend_info": {
            "latency_s": 0.315509557723999,
            "request_id": "a2c23fb5162742c1ad997e6d1580df7a",
            "sent_at": 1764961934.089004,
            "received_at": 1764961934.4045136,
            "timing": {
                "queue_wait_s": 0.00025048899988178164,
                "preprocess_s": 0.03877210899918282,
                "inference_s": 0.27251996000086365,
                "result_format_s": 4.361500032246113e-05,
                "compute_s": 0.3117288560006273,
                "total_runtime_s": 0.31197934500050906,
                "mqtt_request_json_deserialize_s": 0.0016468939993501408,
                "mqtt_receive_ts": 1764961934.0458684,
                "network_pi_to_jetson_s": 0.0,
                "sent_ts": 1764961934.0822318,
                "received_ts": 1764961934.0458684,
                "process_start_ts": 1764961934.0463598,
                "process_end_ts": 1764961934.3580933,
                "mqtt_json_deserialize_s": 4.705599894805346e-05,
                "image_bytes_retrieve_s": 7.21998731023632e-07,
                "mqtt_json_serialize_s": 0.0013318729997990886,
                "mqtt_publish_s": 0.00016755599972384516,
                "mqtt_wait_publish_s": 0.005253715000435477,
                "mqtt_wait_response_s": 0.3155455799987976
            }
        },
        "llm_backend_info": {},
        "s2_llm_confirmed": true,
        "timing": {
            "inference_s": 0.315509557723999,
            "backend_queue_wait_s": 0.00025048899988178164,
            "backend_preprocess_s": 0.03877210899918282,
            "backend_inference_s": 0.27251996000086365,
            "backend_result_format_s": 4.361500032246113e-05,
            "backend_compute_s": 0.3117288560006273,
            "backend_total_runtime_s": 0.31197934500050906,
            "backend_mqtt_request_json_deserialize_s": 0.0016468939993501408,
            "backend_mqtt_receive_ts": 1764961934.0458684,
            "backend_network_pi_to_jetson_s": 0.0,
            "backend_sent_ts": 1764961934.0822318,
            "backend_received_ts": 1764961934.0458684,
            "backend_process_start_ts": 1764961934.0463598,
            "backend_process_end_ts": 1764961934.3580933,
            "backend_mqtt_json_deserialize_s": 4.705599894805346e-05,
            "backend_image_bytes_retrieve_s": 7.21998731023632e-07,
            "backend_mqtt_json_serialize_s": 0.0013318729997990886,
            "backend_mqtt_publish_s": 0.00016755599972384516,
            "backend_mqtt_wait_publish_s": 0.005253715000435477,
            "backend_mqtt_wait_response_s": 0.3155455799987976,
            "fsm_baseline_lookup_s": 5.018000592826866e-06,
            "fsm_state_transition_s": 3.837100121018011e-05,
            "fsm_tier_selection_s": 1.7166001271107234e-05,
            "fsm_infer_dispatch_s": 0.3278224219993717,
            "fsm_classification_core_s": 0.002183059999879333,
            "fsm_state_evaluation_s": 5.370999133447185e-06,
            "fsm_s2_enforce_s": 3.019000359927304e-06,
            "fsm_total_s": 0.33065505900049175,
            "classification_s": 0.002183059999879333
        }
    },
    "timing": {
        "json_parse_s": 0.0005819640009576688,
        "processor_queue_enter_ts": 1764961933.8537946,
        "collector_capture_ts": 1764951181.7603514,
        "collector_capture_to_processor_receive_s": 10752.311395645142,
        "collector_capture_to_queue_enter_s": 10752.093443155289,
        "collector_publish_ts": 1764951181.8669038,
        "collector_publish_to_processor_receive_s": 10752.2048432827,
        "collector_publish_to_queue_enter_s": 10751.986890792847,
        "process_start_ts": 1764961934.071747,
        "pipeline_latency_s": 0.33797703799973533,
        "queue_wait_s": 0.21790463899924362,
        "processor_queue_exit_ts": 1764961934.0716991,
        "validation_storage_s": 0.0023116720003599767,
        "inference_s": 0.315509557723999,
        "backend_queue_wait_s": 0.00025048899988178164,
        "backend_preprocess_s": 0.03877210899918282,
        "backend_inference_s": 0.27251996000086365,
        "backend_result_format_s": 4.361500032246113e-05,
        "backend_compute_s": 0.3117288560006273,
        "backend_total_runtime_s": 0.31197934500050906,
        "backend_mqtt_request_json_deserialize_s": 0.0016468939993501408,
        "backend_mqtt_receive_ts": 1764961934.0458684,
        "backend_network_pi_to_jetson_s": 0.0,
        "backend_sent_ts": 1764961934.0822318,
        "backend_received_ts": 1764961934.0458684,
        "backend_process_start_ts": 1764961934.0463598,
        "backend_process_end_ts": 1764961934.3580933,
        "backend_mqtt_json_deserialize_s": 4.705599894805346e-05,
        "backend_image_bytes_retrieve_s": 7.21998731023632e-07,
        "backend_mqtt_json_serialize_s": 0.0013318729997990886,
        "backend_mqtt_publish_s": 0.00016755599972384516,
        "backend_mqtt_wait_publish_s": 0.005253715000435477,
        "backend_mqtt_wait_response_s": 0.3155455799987976,
        "fsm_baseline_lookup_s": 5.018000592826866e-06,
        "fsm_state_transition_s": 3.837100121018011e-05,
        "fsm_tier_selection_s": 1.7166001271107234e-05,
        "fsm_infer_dispatch_s": 0.3278224219993717,
        "fsm_classification_core_s": 0.002183059999879333,
        "fsm_state_evaluation_s": 5.370999133447185e-06,
        "fsm_s2_enforce_s": 3.019000359927304e-06,
        "fsm_total_s": 0.33065505900049175,
        "classification_s": 0.002183059999879333,
        "backend_latency_s": 0.315509557723999,
        "backend_roundtrip_s": 0.315509557723999,
        "baseline_update_s": 2.666000000317581e-06,
        "result_save_s": 0.0018432449996907962,
        "total_pipeline_latency_s": 0.5475203239984694
    }
}