{
    "sensor_data": {
        "temperature": 12.0,
        "humidity": 88.0,
        "pressure": 995.0
    },
    "metadata": {
        "timestamp": "2025-12-05T17:13:02.892023",
        "location": "55.3633, 10.3522",
        "camera_id": "video_camera_01",
        "motion": "slow",
        "resource_constrained": false,
        "collector_capture_ts": 1764951182.8587217,
        "video_timestamp_sec": 20.0,
        "video_file": "flood_video_20251005_150257.mp4",
        "collector_publish_ts": 1764951182.9580388,
        "run_id": "20251205-201129-633011",
        "processor_queue_enter_ts": 1764961934.8423152,
        "processor_receive_ts": 1764961935.6148496,
        "processor_queue_exit_ts": 1764961935.612788,
        "sensor_baseline": {
            "temperature_baseline": 17.0,
            "humidity_baseline": 78.0,
            "pressure_baseline": 1016.0
        },
        "sensor_data": {
            "temperature": 12.0,
            "humidity": 88.0,
            "pressure": 995.0
        },
        "sensor_anomalies": {
            "delta_temperature": -5.0,
            "delta_humidity": 10.0,
            "delta_pressure": -21.0
        }
    },
    "classification_result": {
        "frame_index": 20,
        "state": "S2",
        "model_tier": "medium",
        "prediction": 2,
        "scores": {
            "combined_score": 1.081780754501025,
            "image_score": 1.0017807545010249,
            "sensor_boost": 0.08,
            "sensor_prediction": "wet"
        },
        "counters": {
            "high": 9,
            "low": 0,
            "ambiguous": 0,
            "conflict": 0,
            "mid": 0
        },
        "llm_used": false,
        "llm_prediction": null,
        "conflict": false,
        "drift": false,
        "flapping": true,
        "skipped": false,
        "model_switched": false,
        "tier_requested": "medium",
        "backend": "remote",
        "backend_info": {
            "latency_s": 0.32866430282592773,
            "request_id": "0823f908c62f4525bbd00391631aa583",
            "sent_at": 1764961935.6348493,
            "received_at": 1764961935.9635136,
            "timing": {
                "queue_wait_s": 0.0005620310002996121,
                "preprocess_s": 0.03182326299975102,
                "inference_s": 0.2918377119985962,
                "result_format_s": 3.990299956058152e-05,
                "compute_s": 0.3241061130011076,
                "total_runtime_s": 0.3246681440014072,
                "mqtt_request_json_deserialize_s": 0.0017931940001290059,
                "mqtt_receive_ts": 1764961935.5924687,
                "network_pi_to_jetson_s": 0.0,
                "sent_ts": 1764961935.627,
                "received_ts": 1764961935.5924687,
                "process_start_ts": 1764961935.5933273,
                "process_end_ts": 1764961935.917439,
                "mqtt_json_deserialize_s": 4.7851999624981545e-05,
                "image_bytes_retrieve_s": 1.0000003385357559e-06,
                "mqtt_json_serialize_s": 0.0014845219993731007,
                "mqtt_publish_s": 0.0001690560002316488,
                "mqtt_wait_publish_s": 0.006176142998810974,
                "mqtt_wait_response_s": 0.3286978679989261
            }
        },
        "llm_backend_info": {},
        "s2_llm_confirmed": true,
        "timing": {
            "inference_s": 0.32866430282592773,
            "backend_queue_wait_s": 0.0005620310002996121,
            "backend_preprocess_s": 0.03182326299975102,
            "backend_inference_s": 0.2918377119985962,
            "backend_result_format_s": 3.990299956058152e-05,
            "backend_compute_s": 0.3241061130011076,
            "backend_total_runtime_s": 0.3246681440014072,
            "backend_mqtt_request_json_deserialize_s": 0.0017931940001290059,
            "backend_mqtt_receive_ts": 1764961935.5924687,
            "backend_network_pi_to_jetson_s": 0.0,
            "backend_sent_ts": 1764961935.627,
            "backend_received_ts": 1764961935.5924687,
            "backend_process_start_ts": 1764961935.5933273,
            "backend_process_end_ts": 1764961935.917439,
            "backend_mqtt_json_deserialize_s": 4.7851999624981545e-05,
            "backend_image_bytes_retrieve_s": 1.0000003385357559e-06,
            "backend_mqtt_json_serialize_s": 0.0014845219993731007,
            "backend_mqtt_publish_s": 0.0001690560002316488,
            "backend_mqtt_wait_publish_s": 0.006176142998810974,
            "backend_mqtt_wait_response_s": 0.3286978679989261,
            "fsm_baseline_lookup_s": 4.462999640963972e-06,
            "fsm_state_transition_s": 3.481400017335545e-05,
            "fsm_tier_selection_s": 1.546299972687848e-05,
            "fsm_infer_dispatch_s": 0.3420989539990842,
            "fsm_classification_core_s": 0.002173153001422179,
            "fsm_state_evaluation_s": 5.851999958395027e-06,
            "fsm_s2_enforce_s": 3.258999640820548e-06,
            "fsm_total_s": 0.34491234900087875,
            "classification_s": 0.002173153001422179
        }
    },
    "timing": {
        "json_parse_s": 0.000665556999592809,
        "processor_queue_enter_ts": 1764961934.8423152,
        "collector_capture_ts": 1764951182.8587217,
        "collector_capture_to_processor_receive_s": 10752.75612783432,
        "collector_capture_to_queue_enter_s": 10751.983593463898,
        "collector_publish_ts": 1764951182.9580388,
        "collector_publish_to_processor_receive_s": 10752.656810760498,
        "collector_publish_to_queue_enter_s": 10751.884276390076,
        "process_start_ts": 1764961935.6148496,
        "pipeline_latency_s": 0.3538013699999283,
        "queue_wait_s": 0.7704727690015716,
        "processor_queue_exit_ts": 1764961935.612788,
        "validation_storage_s": 0.00266776500029664,
        "inference_s": 0.32866430282592773,
        "backend_queue_wait_s": 0.0005620310002996121,
        "backend_preprocess_s": 0.03182326299975102,
        "backend_inference_s": 0.2918377119985962,
        "backend_result_format_s": 3.990299956058152e-05,
        "backend_compute_s": 0.3241061130011076,
        "backend_total_runtime_s": 0.3246681440014072,
        "backend_mqtt_request_json_deserialize_s": 0.0017931940001290059,
        "backend_mqtt_receive_ts": 1764961935.5924687,
        "backend_network_pi_to_jetson_s": 0.0,
        "backend_sent_ts": 1764961935.627,
        "backend_received_ts": 1764961935.5924687,
        "backend_process_start_ts": 1764961935.5933273,
        "backend_process_end_ts": 1764961935.917439,
        "backend_mqtt_json_deserialize_s": 4.7851999624981545e-05,
        "backend_image_bytes_retrieve_s": 1.0000003385357559e-06,
        "backend_mqtt_json_serialize_s": 0.0014845219993731007,
        "backend_mqtt_publish_s": 0.0001690560002316488,
        "backend_mqtt_wait_publish_s": 0.006176142998810974,
        "backend_mqtt_wait_response_s": 0.3286978679989261,
        "fsm_baseline_lookup_s": 4.462999640963972e-06,
        "fsm_state_transition_s": 3.481400017335545e-05,
        "fsm_tier_selection_s": 1.546299972687848e-05,
        "fsm_infer_dispatch_s": 0.3420989539990842,
        "fsm_classification_core_s": 0.002173153001422179,
        "fsm_state_evaluation_s": 5.851999958395027e-06,
        "fsm_s2_enforce_s": 3.258999640820548e-06,
        "fsm_total_s": 0.34491234900087875,
        "classification_s": 0.002173153001422179,
        "backend_latency_s": 0.32866430282592773,
        "backend_roundtrip_s": 0.32866430282592773,
        "baseline_update_s": 2.499999027349986e-06,
        "result_save_s": 0.0018888009999500355,
        "total_pipeline_latency_s": 0.5633537850007997
    }
}