{
    "sensor_data": {
        "temperature": 12.0,
        "humidity": 88.0,
        "pressure": 995.0
    },
    "metadata": {
        "timestamp": "2025-12-05T17:13:03.965471",
        "location": "55.4520, 10.4312",
        "camera_id": "video_camera_01",
        "motion": "slow",
        "resource_constrained": false,
        "collector_capture_ts": 1764951183.931275,
        "video_timestamp_sec": 21.0,
        "video_file": "flood_video_20251005_150257.mp4",
        "collector_publish_ts": 1764951184.0316021,
        "run_id": "20251205-201129-633011",
        "processor_queue_enter_ts": 1764961935.9124746,
        "processor_receive_ts": 1764961936.3959386,
        "processor_queue_exit_ts": 1764961936.3958836,
        "sensor_baseline": {
            "temperature_baseline": 17.0,
            "humidity_baseline": 78.0,
            "pressure_baseline": 1016.0
        },
        "sensor_data": {
            "temperature": 12.0,
            "humidity": 88.0,
            "pressure": 995.0
        },
        "sensor_anomalies": {
            "delta_temperature": -5.0,
            "delta_humidity": 10.0,
            "delta_pressure": -21.0
        }
    },
    "classification_result": {
        "frame_index": 21,
        "state": "S1",
        "model_tier": "large",
        "prediction": 2,
        "scores": {
            "combined_score": 0.4301903928245198,
            "image_score": 0.3501903928245198,
            "sensor_boost": 0.08,
            "sensor_prediction": "wet"
        },
        "counters": {
            "high": 11,
            "low": 0,
            "ambiguous": 0,
            "conflict": 0,
            "mid": 0
        },
        "llm_used": false,
        "llm_prediction": null,
        "conflict": false,
        "drift": false,
        "flapping": true,
        "skipped": false,
        "model_switched": false,
        "tier_requested": "large",
        "backend": "remote",
        "backend_info": {
            "latency_s": 0.3780496120452881,
            "request_id": "3b098784f47e45db91e8d1c199291f32",
            "sent_at": 1764961936.4157577,
            "received_at": 1764961936.7938073,
            "timing": {
                "queue_wait_s": 0.0005651980009133695,
                "preprocess_s": 0.04009136400054558,
                "inference_s": 0.33289077500012354,
                "result_format_s": 4.361500032246113e-05,
                "compute_s": 0.3734752770014893,
                "total_runtime_s": 0.3740404750024027,
                "mqtt_request_json_deserialize_s": 0.0018718800001806812,
                "mqtt_receive_ts": 1764961936.3735478,
                "network_pi_to_jetson_s": 0.0,
                "sent_ts": 1764961936.408413,
                "received_ts": 1764961936.3735478,
                "process_start_ts": 1764961936.3744154,
                "process_end_ts": 1764961936.747895,
                "mqtt_json_deserialize_s": 4.681499922298826e-05,
                "image_bytes_retrieve_s": 6.48000423097983e-07,
                "mqtt_json_serialize_s": 0.0015664479997212766,
                "mqtt_publish_s": 0.0001753149990690872,
                "mqtt_wait_publish_s": 0.00558429100055946,
                "mqtt_wait_response_s": 0.37813742400066985
            }
        },
        "llm_backend_info": {},
        "s2_llm_confirmed": false,
        "timing": {
            "inference_s": 0.3780496120452881,
            "backend_queue_wait_s": 0.0005651980009133695,
            "backend_preprocess_s": 0.04009136400054558,
            "backend_inference_s": 0.33289077500012354,
            "backend_result_format_s": 4.361500032246113e-05,
            "backend_compute_s": 0.3734752770014893,
            "backend_total_runtime_s": 0.3740404750024027,
            "backend_mqtt_request_json_deserialize_s": 0.0018718800001806812,
            "backend_mqtt_receive_ts": 1764961936.3735478,
            "backend_network_pi_to_jetson_s": 0.0,
            "backend_sent_ts": 1764961936.408413,
            "backend_received_ts": 1764961936.3735478,
            "backend_process_start_ts": 1764961936.3744154,
            "backend_process_end_ts": 1764961936.747895,
            "backend_mqtt_json_deserialize_s": 4.681499922298826e-05,
            "backend_image_bytes_retrieve_s": 6.48000423097983e-07,
            "backend_mqtt_json_serialize_s": 0.0015664479997212766,
            "backend_mqtt_publish_s": 0.0001753149990690872,
            "backend_mqtt_wait_publish_s": 0.00558429100055946,
            "backend_mqtt_wait_response_s": 0.37813742400066985,
            "fsm_baseline_lookup_s": 4.425999577506445e-06,
            "fsm_state_transition_s": 3.585199920053128e-05,
            "fsm_tier_selection_s": 1.6463000065414235e-05,
            "fsm_infer_dispatch_s": 0.3908560089985258,
            "fsm_classification_core_s": 0.0021854120004718425,
            "fsm_state_evaluation_s": 5.592999514192343e-06,
            "fsm_s2_enforce_s": 3.3880005503306165e-06,
            "fsm_total_s": 0.3936870329998783,
            "classification_s": 0.0021854120004718425
        }
    },
    "timing": {
        "json_parse_s": 0.0006740019998687785,
        "processor_queue_enter_ts": 1764961935.9124746,
        "collector_capture_ts": 1764951183.931275,
        "collector_capture_to_processor_receive_s": 10752.464663743973,
        "collector_capture_to_queue_enter_s": 10751.981199741364,
        "collector_publish_ts": 1764951184.0316021,
        "collector_publish_to_processor_receive_s": 10752.364336490631,
        "collector_publish_to_queue_enter_s": 10751.880872488022,
        "process_start_ts": 1764961936.3959386,
        "pipeline_latency_s": 0.4030523319997883,
        "queue_wait_s": 0.4834088459992927,
        "processor_queue_exit_ts": 1764961936.3958836,
        "validation_storage_s": 0.0033607490004214924,
        "inference_s": 0.3780496120452881,
        "backend_queue_wait_s": 0.0005651980009133695,
        "backend_preprocess_s": 0.04009136400054558,
        "backend_inference_s": 0.33289077500012354,
        "backend_result_format_s": 4.361500032246113e-05,
        "backend_compute_s": 0.3734752770014893,
        "backend_total_runtime_s": 0.3740404750024027,
        "backend_mqtt_request_json_deserialize_s": 0.0018718800001806812,
        "backend_mqtt_receive_ts": 1764961936.3735478,
        "backend_network_pi_to_jetson_s": 0.0,
        "backend_sent_ts": 1764961936.408413,
        "backend_received_ts": 1764961936.3735478,
        "backend_process_start_ts": 1764961936.3744154,
        "backend_process_end_ts": 1764961936.747895,
        "backend_mqtt_json_deserialize_s": 4.681499922298826e-05,
        "backend_image_bytes_retrieve_s": 6.48000423097983e-07,
        "backend_mqtt_json_serialize_s": 0.0015664479997212766,
        "backend_mqtt_publish_s": 0.0001753149990690872,
        "backend_mqtt_wait_publish_s": 0.00558429100055946,
        "backend_mqtt_wait_response_s": 0.37813742400066985,
        "fsm_baseline_lookup_s": 4.425999577506445e-06,
        "fsm_state_transition_s": 3.585199920053128e-05,
        "fsm_tier_selection_s": 1.6463000065414235e-05,
        "fsm_infer_dispatch_s": 0.3908560089985258,
        "fsm_classification_core_s": 0.0021854120004718425,
        "fsm_state_evaluation_s": 5.592999514192343e-06,
        "fsm_s2_enforce_s": 3.3880005503306165e-06,
        "fsm_total_s": 0.3936870329998783,
        "classification_s": 0.0021854120004718425,
        "backend_latency_s": 0.3780496120452881,
        "backend_roundtrip_s": 0.3780496120452881,
        "baseline_update_s": 2.2220010578166693e-06,
        "result_save_s": 0.0018238740012748167,
        "total_pipeline_latency_s": 0.6127370630001678
    }
}