{
    "sensor_data": {
        "temperature": 12.0,
        "humidity": 88.0,
        "pressure": 995.0
    },
    "metadata": {
        "timestamp": "2025-12-05T17:13:13.692709",
        "location": "55.3777, 10.4098",
        "camera_id": "video_camera_01",
        "motion": "slow",
        "resource_constrained": false,
        "collector_capture_ts": 1764951193.6579723,
        "video_timestamp_sec": 29.5,
        "video_file": "flood_video_20251005_150257.mp4",
        "collector_publish_ts": 1764951193.7578585,
        "run_id": "20251205-201129-633011",
        "processor_queue_enter_ts": 1764961945.6403046,
        "processor_receive_ts": 1764961947.7166064,
        "processor_queue_exit_ts": 1764961947.716547,
        "sensor_baseline": {
            "temperature_baseline": 17.0,
            "humidity_baseline": 78.0,
            "pressure_baseline": 1016.0
        },
        "sensor_data": {
            "temperature": 12.0,
            "humidity": 88.0,
            "pressure": 995.0
        },
        "sensor_anomalies": {
            "delta_temperature": -5.0,
            "delta_humidity": 10.0,
            "delta_pressure": -21.0
        }
    },
    "classification_result": {
        "frame_index": 28,
        "state": "S3",
        "model_tier": "medium",
        "prediction": 1,
        "scores": {
            "combined_score": 0.12983891902568404,
            "image_score": 0.04983891902568404,
            "sensor_boost": 0.08,
            "sensor_prediction": "wet"
        },
        "counters": {
            "high": 0,
            "low": 0,
            "ambiguous": 3,
            "conflict": 0,
            "mid": 2
        },
        "llm_used": false,
        "llm_prediction": null,
        "conflict": false,
        "drift": false,
        "flapping": false,
        "skipped": false,
        "model_switched": false,
        "tier_requested": "medium",
        "backend": "remote",
        "backend_info": {
            "latency_s": 0.34972310066223145,
            "request_id": "21b6ae2dbb7843c6b29c7ec73e9e2020",
            "sent_at": 1764961947.7352228,
            "received_at": 1764961948.084946,
            "timing": {
                "queue_wait_s": 0.0005956939985480858,
                "preprocess_s": 0.04856918800032872,
                "inference_s": 0.2959927499996411,
                "result_format_s": 3.311899854452349e-05,
                "compute_s": 0.3450725130005594,
                "total_runtime_s": 0.3456682069991075,
                "mqtt_request_json_deserialize_s": 0.0018392729998595314,
                "mqtt_receive_ts": 1764961947.6940684,
                "network_pi_to_jetson_s": 0.0,
                "sent_ts": 1764961947.7266324,
                "received_ts": 1764961947.6940684,
                "process_start_ts": 1764961947.6950228,
                "process_end_ts": 1764961948.0401008,
                "mqtt_json_deserialize_s": 4.5240998588269576e-05,
                "image_bytes_retrieve_s": 7.21998731023632e-07,
                "mqtt_json_serialize_s": 0.0014006699984747684,
                "mqtt_publish_s": 0.00020520500038401224,
                "mqtt_wait_publish_s": 0.006964571000935393,
                "mqtt_wait_response_s": 0.3497475990006933
            }
        },
        "llm_backend_info": {},
        "s2_llm_confirmed": false,
        "timing": {
            "inference_s": 0.34972310066223145,
            "backend_queue_wait_s": 0.0005956939985480858,
            "backend_preprocess_s": 0.04856918800032872,
            "backend_inference_s": 0.2959927499996411,
            "backend_result_format_s": 3.311899854452349e-05,
            "backend_compute_s": 0.3450725130005594,
            "backend_total_runtime_s": 0.3456682069991075,
            "backend_mqtt_request_json_deserialize_s": 0.0018392729998595314,
            "backend_mqtt_receive_ts": 1764961947.6940684,
            "backend_network_pi_to_jetson_s": 0.0,
            "backend_sent_ts": 1764961947.7266324,
            "backend_received_ts": 1764961947.6940684,
            "backend_process_start_ts": 1764961947.6950228,
            "backend_process_end_ts": 1764961948.0401008,
            "backend_mqtt_json_deserialize_s": 4.5240998588269576e-05,
            "backend_image_bytes_retrieve_s": 7.21998731023632e-07,
            "backend_mqtt_json_serialize_s": 0.0014006699984747684,
            "backend_mqtt_publish_s": 0.00020520500038401224,
            "backend_mqtt_wait_publish_s": 0.006964571000935393,
            "backend_mqtt_wait_response_s": 0.3497475990006933,
            "fsm_baseline_lookup_s": 4.760000592796132e-06,
            "fsm_state_transition_s": 3.377699977136217e-05,
            "fsm_tier_selection_s": 1.3926000974606723e-05,
            "fsm_infer_dispatch_s": 0.36339681500066945,
            "fsm_classification_core_s": 0.0027004129988199566,
            "fsm_state_evaluation_s": 6.278000000747852e-06,
            "fsm_s2_enforce_s": 3.99999953515362e-06,
            "fsm_total_s": 0.3667254880001565,
            "classification_s": 0.0027004129988199566
        }
    },
    "timing": {
        "json_parse_s": 0.0006190389995026635,
        "processor_queue_enter_ts": 1764961945.6403046,
        "collector_capture_ts": 1764951193.6579723,
        "collector_capture_to_processor_receive_s": 10754.05863404274,
        "collector_capture_to_queue_enter_s": 10751.982332229614,
        "collector_publish_ts": 1764951193.7578585,
        "collector_publish_to_processor_receive_s": 10753.95874786377,
        "collector_publish_to_queue_enter_s": 10751.882446050644,
        "process_start_ts": 1764961947.7166064,
        "pipeline_latency_s": 0.37392146800084447,
        "queue_wait_s": 2.0762425449993316,
        "processor_queue_exit_ts": 1764961947.716547,
        "validation_storage_s": 0.0023403010000038194,
        "inference_s": 0.34972310066223145,
        "backend_queue_wait_s": 0.0005956939985480858,
        "backend_preprocess_s": 0.04856918800032872,
        "backend_inference_s": 0.2959927499996411,
        "backend_result_format_s": 3.311899854452349e-05,
        "backend_compute_s": 0.3450725130005594,
        "backend_total_runtime_s": 0.3456682069991075,
        "backend_mqtt_request_json_deserialize_s": 0.0018392729998595314,
        "backend_mqtt_receive_ts": 1764961947.6940684,
        "backend_network_pi_to_jetson_s": 0.0,
        "backend_sent_ts": 1764961947.7266324,
        "backend_received_ts": 1764961947.6940684,
        "backend_process_start_ts": 1764961947.6950228,
        "backend_process_end_ts": 1764961948.0401008,
        "backend_mqtt_json_deserialize_s": 4.5240998588269576e-05,
        "backend_image_bytes_retrieve_s": 7.21998731023632e-07,
        "backend_mqtt_json_serialize_s": 0.0014006699984747684,
        "backend_mqtt_publish_s": 0.00020520500038401224,
        "backend_mqtt_wait_publish_s": 0.006964571000935393,
        "backend_mqtt_wait_response_s": 0.3497475990006933,
        "fsm_baseline_lookup_s": 4.760000592796132e-06,
        "fsm_state_transition_s": 3.377699977136217e-05,
        "fsm_tier_selection_s": 1.3926000974606723e-05,
        "fsm_infer_dispatch_s": 0.36339681500066945,
        "fsm_classification_core_s": 0.0027004129988199566,
        "fsm_state_evaluation_s": 6.278000000747852e-06,
        "fsm_s2_enforce_s": 3.99999953515362e-06,
        "fsm_total_s": 0.3667254880001565,
        "classification_s": 0.0027004129988199566,
        "backend_latency_s": 0.34972310066223145,
        "backend_roundtrip_s": 0.34972310066223145,
        "baseline_update_s": 3.0369992600753903e-06,
        "result_save_s": 0.0017794670002331259,
        "total_pipeline_latency_s": 0.5832899369997904
    }
}