{
    "sensor_data": {
        "temperature": 12.0,
        "humidity": 88.0,
        "pressure": 995.0
    },
    "metadata": {
        "timestamp": "2025-12-05T17:12:48.752273",
        "location": "55.3814, 10.4402",
        "camera_id": "video_camera_01",
        "motion": "slow",
        "resource_constrained": false,
        "collector_capture_ts": 1764951168.7192943,
        "video_timestamp_sec": 6.5,
        "video_file": "flood_video_20251005_150257.mp4",
        "collector_publish_ts": 1764951168.815908,
        "run_id": "20251205-201129-633011",
        "processor_queue_enter_ts": 1764961920.807026,
        "processor_receive_ts": 1764961920.814301,
        "processor_queue_exit_ts": 1764961920.8142679,
        "sensor_baseline": {
            "temperature_baseline": 17.0,
            "humidity_baseline": 78.0,
            "pressure_baseline": 1016.0
        },
        "sensor_data": {
            "temperature": 12.0,
            "humidity": 88.0,
            "pressure": 995.0
        },
        "sensor_anomalies": {
            "delta_temperature": -5.0,
            "delta_humidity": 10.0,
            "delta_pressure": -21.0
        }
    },
    "classification_result": {
        "frame_index": 3,
        "state": "S3",
        "model_tier": "medium",
        "prediction": 1,
        "scores": {
            "combined_score": 0.19496665203139976,
            "image_score": 0.11496665203139976,
            "sensor_boost": 0.08,
            "sensor_prediction": "wet"
        },
        "counters": {
            "high": 0,
            "low": 0,
            "ambiguous": 3,
            "conflict": 0,
            "mid": 2
        },
        "llm_used": false,
        "llm_prediction": null,
        "conflict": false,
        "drift": false,
        "flapping": false,
        "skipped": false,
        "model_switched": false,
        "tier_requested": "medium",
        "backend": "remote",
        "backend_info": {
            "latency_s": 0.4346120357513428,
            "request_id": "a9ef2ec6635d42db8b898b3b5c0230c4",
            "sent_at": 1764961920.8331013,
            "received_at": 1764961921.2677133,
            "timing": {
                "queue_wait_s": 0.0005275359999359353,
                "preprocess_s": 0.048419146000014734,
                "inference_s": 0.3800372639998386,
                "result_format_s": 7.388599988189526e-05,
                "compute_s": 0.42909642300037376,
                "total_runtime_s": 0.4296239590003097,
                "mqtt_request_json_deserialize_s": 0.0017173560008814093,
                "mqtt_receive_ts": 1764961920.789087,
                "network_pi_to_jetson_s": 0.0,
                "sent_ts": 1764961920.8238106,
                "received_ts": 1764961920.789087,
                "process_start_ts": 1764961920.7898934,
                "process_end_ts": 1764961921.2189972,
                "mqtt_json_deserialize_s": 5.038900053477846e-05,
                "image_bytes_retrieve_s": 6.28999259788543e-07,
                "mqtt_json_serialize_s": 0.0013881889990443597,
                "mqtt_publish_s": 0.0003732599998329533,
                "mqtt_wait_publish_s": 0.007507369000450126,
                "mqtt_wait_response_s": 0.43464970300010464
            }
        },
        "llm_backend_info": {},
        "s2_llm_confirmed": false,
        "timing": {
            "inference_s": 0.4346120357513428,
            "backend_queue_wait_s": 0.0005275359999359353,
            "backend_preprocess_s": 0.048419146000014734,
            "backend_inference_s": 0.3800372639998386,
            "backend_result_format_s": 7.388599988189526e-05,
            "backend_compute_s": 0.42909642300037376,
            "backend_total_runtime_s": 0.4296239590003097,
            "backend_mqtt_request_json_deserialize_s": 0.0017173560008814093,
            "backend_mqtt_receive_ts": 1764961920.789087,
            "backend_network_pi_to_jetson_s": 0.0,
            "backend_sent_ts": 1764961920.8238106,
            "backend_received_ts": 1764961920.789087,
            "backend_process_start_ts": 1764961920.7898934,
            "backend_process_end_ts": 1764961921.2189972,
            "backend_mqtt_json_deserialize_s": 5.038900053477846e-05,
            "backend_image_bytes_retrieve_s": 6.28999259788543e-07,
            "backend_mqtt_json_serialize_s": 0.0013881889990443597,
            "backend_mqtt_publish_s": 0.0003732599998329533,
            "backend_mqtt_wait_publish_s": 0.007507369000450126,
            "backend_mqtt_wait_response_s": 0.43464970300010464,
            "fsm_baseline_lookup_s": 5.79599873162806e-06,
            "fsm_state_transition_s": 4.2203999328194186e-05,
            "fsm_tier_selection_s": 1.5388999599963427e-05,
            "fsm_infer_dispatch_s": 0.44894408700019994,
            "fsm_classification_core_s": 0.0021138009997230256,
            "fsm_state_evaluation_s": 7.888998879934661e-06,
            "fsm_s2_enforce_s": 4.408000677358359e-06,
            "fsm_total_s": 0.4516952410012891,
            "classification_s": 0.0021138009997230256
        }
    },
    "timing": {
        "json_parse_s": 0.0005929090002609883,
        "processor_queue_enter_ts": 1764961920.807026,
        "collector_capture_ts": 1764951168.7192943,
        "collector_capture_to_processor_receive_s": 10752.09500670433,
        "collector_capture_to_queue_enter_s": 10752.087731599808,
        "collector_publish_ts": 1764951168.815908,
        "collector_publish_to_processor_receive_s": 10751.998393058777,
        "collector_publish_to_queue_enter_s": 10751.991117954254,
        "process_start_ts": 1764961920.814301,
        "pipeline_latency_s": 0.4584192570000596,
        "queue_wait_s": 0.007241997998789884,
        "processor_queue_exit_ts": 1764961920.8142679,
        "validation_storage_s": 0.0022324309993564384,
        "inference_s": 0.4346120357513428,
        "backend_queue_wait_s": 0.0005275359999359353,
        "backend_preprocess_s": 0.048419146000014734,
        "backend_inference_s": 0.3800372639998386,
        "backend_result_format_s": 7.388599988189526e-05,
        "backend_compute_s": 0.42909642300037376,
        "backend_total_runtime_s": 0.4296239590003097,
        "backend_mqtt_request_json_deserialize_s": 0.0017173560008814093,
        "backend_mqtt_receive_ts": 1764961920.789087,
        "backend_network_pi_to_jetson_s": 0.0,
        "backend_sent_ts": 1764961920.8238106,
        "backend_received_ts": 1764961920.789087,
        "backend_process_start_ts": 1764961920.7898934,
        "backend_process_end_ts": 1764961921.2189972,
        "backend_mqtt_json_deserialize_s": 5.038900053477846e-05,
        "backend_image_bytes_retrieve_s": 6.28999259788543e-07,
        "backend_mqtt_json_serialize_s": 0.0013881889990443597,
        "backend_mqtt_publish_s": 0.0003732599998329533,
        "backend_mqtt_wait_publish_s": 0.007507369000450126,
        "backend_mqtt_wait_response_s": 0.43464970300010464,
        "fsm_baseline_lookup_s": 5.79599873162806e-06,
        "fsm_state_transition_s": 4.2203999328194186e-05,
        "fsm_tier_selection_s": 1.5388999599963427e-05,
        "fsm_infer_dispatch_s": 0.44894408700019994,
        "fsm_classification_core_s": 0.0021138009997230256,
        "fsm_state_evaluation_s": 7.888998879934661e-06,
        "fsm_s2_enforce_s": 4.408000677358359e-06,
        "fsm_total_s": 0.4516952410012891,
        "classification_s": 0.0021138009997230256,
        "backend_latency_s": 0.4346120357513428,
        "backend_roundtrip_s": 0.4346120357513428,
        "baseline_update_s": 2.7779988158727065e-06,
        "result_save_s": 0.0017890590006572893,
        "total_pipeline_latency_s": 0.6676484510007867
    }
}