{
    "sensor_data": {
        "temperature": 12.0,
        "humidity": 88.0,
        "pressure": 995.0
    },
    "metadata": {
        "timestamp": "2025-12-05T17:12:50.193781",
        "location": "55.4287, 10.3654",
        "camera_id": "video_camera_01",
        "motion": "slow",
        "resource_constrained": false,
        "collector_capture_ts": 1764951170.1614223,
        "video_timestamp_sec": 8.0,
        "video_file": "flood_video_20251005_150257.mp4",
        "collector_publish_ts": 1764951170.2564766,
        "run_id": "20251205-201129-633011",
        "processor_queue_enter_ts": 1764961922.2987661,
        "processor_receive_ts": 1764961922.5174508,
        "processor_queue_exit_ts": 1764961922.5174048,
        "sensor_baseline": {
            "temperature_baseline": 17.0,
            "humidity_baseline": 78.0,
            "pressure_baseline": 1016.0
        },
        "sensor_data": {
            "temperature": 12.0,
            "humidity": 88.0,
            "pressure": 995.0
        },
        "sensor_anomalies": {
            "delta_temperature": -5.0,
            "delta_humidity": 10.0,
            "delta_pressure": -21.0
        }
    },
    "classification_result": {
        "frame_index": 5,
        "state": "S3",
        "model_tier": "medium",
        "prediction": 1,
        "scores": {
            "combined_score": 0.23423262980380383,
            "image_score": 0.15423262980380384,
            "sensor_boost": 0.08,
            "sensor_prediction": "wet"
        },
        "counters": {
            "high": 0,
            "low": 0,
            "ambiguous": 7,
            "conflict": 0,
            "mid": 4
        },
        "llm_used": false,
        "llm_prediction": null,
        "conflict": false,
        "drift": false,
        "flapping": false,
        "skipped": false,
        "model_switched": false,
        "tier_requested": "medium",
        "backend": "remote",
        "backend_info": {
            "latency_s": 0.3197975158691406,
            "request_id": "6e1b01e357104173929afc2e29400d98",
            "sent_at": 1764961922.5356221,
            "received_at": 1764961922.8554196,
            "timing": {
                "queue_wait_s": 0.0004889460014965152,
                "preprocess_s": 0.046304522000355064,
                "inference_s": 0.2685810439998022,
                "result_format_s": 4.9630998546490446e-05,
                "compute_s": 0.31538551899939193,
                "total_runtime_s": 0.31587446500088845,
                "mqtt_request_json_deserialize_s": 0.0015455220000148984,
                "mqtt_receive_ts": 1764961922.4913013,
                "network_pi_to_jetson_s": 0.0,
                "sent_ts": 1764961922.5283473,
                "received_ts": 1764961922.4913013,
                "process_start_ts": 1764961922.491998,
                "process_end_ts": 1764961922.8073895,
                "mqtt_json_deserialize_s": 4.2499999835854396e-05,
                "image_bytes_retrieve_s": 8.520000847056508e-07,
                "mqtt_json_serialize_s": 0.001236020998476306,
                "mqtt_publish_s": 0.00019401900135562755,
                "mqtt_wait_publish_s": 0.005822012999487924,
                "mqtt_wait_response_s": 0.31982490600057645
            }
        },
        "llm_backend_info": {},
        "s2_llm_confirmed": false,
        "timing": {
            "inference_s": 0.3197975158691406,
            "backend_queue_wait_s": 0.0004889460014965152,
            "backend_preprocess_s": 0.046304522000355064,
            "backend_inference_s": 0.2685810439998022,
            "backend_result_format_s": 4.9630998546490446e-05,
            "backend_compute_s": 0.31538551899939193,
            "backend_total_runtime_s": 0.31587446500088845,
            "backend_mqtt_request_json_deserialize_s": 0.0015455220000148984,
            "backend_mqtt_receive_ts": 1764961922.4913013,
            "backend_network_pi_to_jetson_s": 0.0,
            "backend_sent_ts": 1764961922.5283473,
            "backend_received_ts": 1764961922.4913013,
            "backend_process_start_ts": 1764961922.491998,
            "backend_process_end_ts": 1764961922.8073895,
            "backend_mqtt_json_deserialize_s": 4.2499999835854396e-05,
            "backend_image_bytes_retrieve_s": 8.520000847056508e-07,
            "backend_mqtt_json_serialize_s": 0.001236020998476306,
            "backend_mqtt_publish_s": 0.00019401900135562755,
            "backend_mqtt_wait_publish_s": 0.005822012999487924,
            "backend_mqtt_wait_response_s": 0.31982490600057645,
            "fsm_baseline_lookup_s": 5.093001163913868e-06,
            "fsm_state_transition_s": 3.757499871426262e-05,
            "fsm_tier_selection_s": 1.746300040394999e-05,
            "fsm_infer_dispatch_s": 0.3327641390005738,
            "fsm_classification_core_s": 0.002789173000564915,
            "fsm_state_evaluation_s": 6.537000444950536e-06,
            "fsm_s2_enforce_s": 4.482000804273412e-06,
            "fsm_total_s": 0.3362179809992085,
            "classification_s": 0.002789173000564915
        }
    },
    "timing": {
        "json_parse_s": 0.0005218710011831718,
        "processor_queue_enter_ts": 1764961922.2987661,
        "collector_capture_ts": 1764951170.1614223,
        "collector_capture_to_processor_receive_s": 10752.356028556824,
        "collector_capture_to_queue_enter_s": 10752.137343883514,
        "collector_publish_ts": 1764951170.2564766,
        "collector_publish_to_processor_receive_s": 10752.260974168777,
        "collector_publish_to_queue_enter_s": 10752.042289495468,
        "process_start_ts": 1764961922.5174508,
        "pipeline_latency_s": 0.3438220160005585,
        "queue_wait_s": 0.21863858599863306,
        "processor_queue_exit_ts": 1764961922.5174048,
        "validation_storage_s": 0.0022776540008635493,
        "inference_s": 0.3197975158691406,
        "backend_queue_wait_s": 0.0004889460014965152,
        "backend_preprocess_s": 0.046304522000355064,
        "backend_inference_s": 0.2685810439998022,
        "backend_result_format_s": 4.9630998546490446e-05,
        "backend_compute_s": 0.31538551899939193,
        "backend_total_runtime_s": 0.31587446500088845,
        "backend_mqtt_request_json_deserialize_s": 0.0015455220000148984,
        "backend_mqtt_receive_ts": 1764961922.4913013,
        "backend_network_pi_to_jetson_s": 0.0,
        "backend_sent_ts": 1764961922.5283473,
        "backend_received_ts": 1764961922.4913013,
        "backend_process_start_ts": 1764961922.491998,
        "backend_process_end_ts": 1764961922.8073895,
        "backend_mqtt_json_deserialize_s": 4.2499999835854396e-05,
        "backend_image_bytes_retrieve_s": 8.520000847056508e-07,
        "backend_mqtt_json_serialize_s": 0.001236020998476306,
        "backend_mqtt_publish_s": 0.00019401900135562755,
        "backend_mqtt_wait_publish_s": 0.005822012999487924,
        "backend_mqtt_wait_response_s": 0.31982490600057645,
        "fsm_baseline_lookup_s": 5.093001163913868e-06,
        "fsm_state_transition_s": 3.757499871426262e-05,
        "fsm_tier_selection_s": 1.746300040394999e-05,
        "fsm_infer_dispatch_s": 0.3327641390005738,
        "fsm_classification_core_s": 0.002789173000564915,
        "fsm_state_evaluation_s": 6.537000444950536e-06,
        "fsm_s2_enforce_s": 4.482000804273412e-06,
        "fsm_total_s": 0.3362179809992085,
        "classification_s": 0.002789173000564915,
        "backend_latency_s": 0.3197975158691406,
        "backend_roundtrip_s": 0.3197975158691406,
        "baseline_update_s": 2.6849993446376175e-06,
        "result_save_s": 0.0019545600007404573,
        "total_pipeline_latency_s": 0.5535042480005359
    }
}