{
    "sensor_data": {
        "temperature": 12.0,
        "humidity": 88.0,
        "pressure": 995.0
    },
    "metadata": {
        "timestamp": "2025-12-05T17:12:50.881797",
        "location": "55.3698, 10.3912",
        "camera_id": "video_camera_01",
        "motion": "slow",
        "resource_constrained": false,
        "collector_capture_ts": 1764951170.848088,
        "video_timestamp_sec": 8.5,
        "video_file": "flood_video_20251005_150257.mp4",
        "collector_publish_ts": 1764951170.9445667,
        "run_id": "20251205-201129-633011",
        "processor_queue_enter_ts": 1764961922.8193827,
        "processor_receive_ts": 1764961923.288894,
        "processor_queue_exit_ts": 1764961923.2888188,
        "sensor_baseline": {
            "temperature_baseline": 17.0,
            "humidity_baseline": 78.0,
            "pressure_baseline": 1016.0
        },
        "sensor_data": {
            "temperature": 12.0,
            "humidity": 88.0,
            "pressure": 995.0
        },
        "sensor_anomalies": {
            "delta_temperature": -5.0,
            "delta_humidity": 10.0,
            "delta_pressure": -21.0
        }
    },
    "classification_result": {
        "frame_index": 6,
        "state": "S1",
        "model_tier": "medium",
        "prediction": 1,
        "scores": {
            "combined_score": 0.3047356474052854,
            "image_score": 0.22473564740528543,
            "sensor_boost": 0.08,
            "sensor_prediction": "wet"
        },
        "counters": {
            "high": 0,
            "low": 0,
            "ambiguous": 9,
            "conflict": 0,
            "mid": 5
        },
        "llm_used": false,
        "llm_prediction": null,
        "conflict": false,
        "drift": false,
        "flapping": false,
        "skipped": false,
        "model_switched": false,
        "tier_requested": "medium",
        "backend": "remote",
        "backend_info": {
            "latency_s": 0.30055809020996094,
            "request_id": "02ff5145efeb4b9fb19c9444e622fce4",
            "sent_at": 1764961923.3070605,
            "received_at": 1764961923.6076186,
            "timing": {
                "queue_wait_s": 0.0002535920011723647,
                "preprocess_s": 0.045075279000229784,
                "inference_s": 0.2509925499998644,
                "result_format_s": 4.153400004724972e-05,
                "compute_s": 0.29651018399999884,
                "total_runtime_s": 0.2967637760011712,
                "mqtt_request_json_deserialize_s": 0.0015732649990241043,
                "mqtt_receive_ts": 1764961923.2627203,
                "network_pi_to_jetson_s": 0.0,
                "sent_ts": 1764961923.3011143,
                "received_ts": 1764961923.2627203,
                "process_start_ts": 1764961923.2633877,
                "process_end_ts": 1764961923.5599034,
                "mqtt_json_deserialize_s": 3.948199992009904e-05,
                "image_bytes_retrieve_s": 6.850004865555093e-07,
                "mqtt_json_serialize_s": 0.0012477070013119373,
                "mqtt_publish_s": 0.0002986859999509761,
                "mqtt_wait_publish_s": 0.0043798989991046255,
                "mqtt_wait_response_s": 0.30058162299974356
            }
        },
        "llm_backend_info": {},
        "s2_llm_confirmed": false,
        "timing": {
            "inference_s": 0.30055809020996094,
            "backend_queue_wait_s": 0.0002535920011723647,
            "backend_preprocess_s": 0.045075279000229784,
            "backend_inference_s": 0.2509925499998644,
            "backend_result_format_s": 4.153400004724972e-05,
            "backend_compute_s": 0.29651018399999884,
            "backend_total_runtime_s": 0.2967637760011712,
            "backend_mqtt_request_json_deserialize_s": 0.0015732649990241043,
            "backend_mqtt_receive_ts": 1764961923.2627203,
            "backend_network_pi_to_jetson_s": 0.0,
            "backend_sent_ts": 1764961923.3011143,
            "backend_received_ts": 1764961923.2627203,
            "backend_process_start_ts": 1764961923.2633877,
            "backend_process_end_ts": 1764961923.5599034,
            "backend_mqtt_json_deserialize_s": 3.948199992009904e-05,
            "backend_image_bytes_retrieve_s": 6.850004865555093e-07,
            "backend_mqtt_json_serialize_s": 0.0012477070013119373,
            "backend_mqtt_publish_s": 0.0002986859999509761,
            "backend_mqtt_wait_publish_s": 0.0043798989991046255,
            "backend_mqtt_wait_response_s": 0.30058162299974356,
            "fsm_baseline_lookup_s": 4.833998900721781e-06,
            "fsm_state_transition_s": 3.657400156953372e-05,
            "fsm_tier_selection_s": 2.183399919886142e-05,
            "fsm_infer_dispatch_s": 0.3124161860014283,
            "fsm_classification_core_s": 0.002865950998966582,
            "fsm_state_evaluation_s": 7.239999831654131e-06,
            "fsm_s2_enforce_s": 3.5559987736633047e-06,
            "fsm_total_s": 0.31594389800011413,
            "classification_s": 0.002865950998966582
        }
    },
    "timing": {
        "json_parse_s": 0.0005582789999607485,
        "processor_queue_enter_ts": 1764961922.8193827,
        "collector_capture_ts": 1764951170.848088,
        "collector_capture_to_processor_receive_s": 10752.440805912018,
        "collector_capture_to_queue_enter_s": 10751.971294641495,
        "collector_publish_ts": 1764951170.9445667,
        "collector_publish_to_processor_receive_s": 10752.34432721138,
        "collector_publish_to_queue_enter_s": 10751.874815940857,
        "process_start_ts": 1764961923.288894,
        "pipeline_latency_s": 0.3247479910005495,
        "queue_wait_s": 0.4694362620011816,
        "processor_queue_exit_ts": 1764961923.2888188,
        "validation_storage_s": 0.0025026909988810075,
        "inference_s": 0.30055809020996094,
        "backend_queue_wait_s": 0.0002535920011723647,
        "backend_preprocess_s": 0.045075279000229784,
        "backend_inference_s": 0.2509925499998644,
        "backend_result_format_s": 4.153400004724972e-05,
        "backend_compute_s": 0.29651018399999884,
        "backend_total_runtime_s": 0.2967637760011712,
        "backend_mqtt_request_json_deserialize_s": 0.0015732649990241043,
        "backend_mqtt_receive_ts": 1764961923.2627203,
        "backend_network_pi_to_jetson_s": 0.0,
        "backend_sent_ts": 1764961923.3011143,
        "backend_received_ts": 1764961923.2627203,
        "backend_process_start_ts": 1764961923.2633877,
        "backend_process_end_ts": 1764961923.5599034,
        "backend_mqtt_json_deserialize_s": 3.948199992009904e-05,
        "backend_image_bytes_retrieve_s": 6.850004865555093e-07,
        "backend_mqtt_json_serialize_s": 0.0012477070013119373,
        "backend_mqtt_publish_s": 0.0002986859999509761,
        "backend_mqtt_wait_publish_s": 0.0043798989991046255,
        "backend_mqtt_wait_response_s": 0.30058162299974356,
        "fsm_baseline_lookup_s": 4.833998900721781e-06,
        "fsm_state_transition_s": 3.657400156953372e-05,
        "fsm_tier_selection_s": 2.183399919886142e-05,
        "fsm_infer_dispatch_s": 0.3124161860014283,
        "fsm_classification_core_s": 0.002865950998966582,
        "fsm_state_evaluation_s": 7.239999831654131e-06,
        "fsm_s2_enforce_s": 3.5559987736633047e-06,
        "fsm_total_s": 0.31594389800011413,
        "classification_s": 0.002865950998966582,
        "backend_latency_s": 0.30055809020996094,
        "backend_roundtrip_s": 0.30055809020996094,
        "baseline_update_s": 2.278000465594232e-06,
        "result_save_s": 0.0018501889990147902,
        "total_pipeline_latency_s": 0.5344547049990069
    }
}