{
    "sensor_data": {
        "temperature": 12.0,
        "humidity": 88.0,
        "pressure": 995.0
    },
    "metadata": {
        "timestamp": "2025-12-05T17:12:51.727149",
        "location": "55.4012, 10.4567",
        "camera_id": "video_camera_01",
        "motion": "slow",
        "resource_constrained": false,
        "collector_capture_ts": 1764951171.694574,
        "video_timestamp_sec": 9.5,
        "video_file": "flood_video_20251005_150257.mp4",
        "collector_publish_ts": 1764951171.7904227,
        "run_id": "20251205-201129-633011",
        "processor_queue_enter_ts": 1764961923.8239462,
        "processor_receive_ts": 1764961924.0428019,
        "processor_queue_exit_ts": 1764961924.0427551,
        "sensor_baseline": {
            "temperature_baseline": 17.0,
            "humidity_baseline": 78.0,
            "pressure_baseline": 1016.0
        },
        "sensor_data": {
            "temperature": 12.0,
            "humidity": 88.0,
            "pressure": 995.0
        },
        "sensor_anomalies": {
            "delta_temperature": -5.0,
            "delta_humidity": 10.0,
            "delta_pressure": -21.0
        }
    },
    "classification_result": {
        "frame_index": 7,
        "state": "S2",
        "model_tier": "medium",
        "prediction": 2,
        "scores": {
            "combined_score": 0.713742005224821,
            "image_score": 0.633742005224821,
            "sensor_boost": 0.08,
            "sensor_prediction": "wet"
        },
        "counters": {
            "high": 2,
            "low": 0,
            "ambiguous": 0,
            "conflict": 0,
            "mid": 0
        },
        "llm_used": false,
        "llm_prediction": null,
        "conflict": false,
        "drift": false,
        "flapping": false,
        "skipped": false,
        "model_switched": false,
        "tier_requested": "medium",
        "backend": "remote",
        "backend_info": {
            "latency_s": 0.32741498947143555,
            "request_id": "d3fd80d95c6f4c8f8452e76605e5d0d1",
            "sent_at": 1764961924.060614,
            "received_at": 1764961924.388029,
            "timing": {
                "queue_wait_s": 0.0005017450002924306,
                "preprocess_s": 0.044726329999321024,
                "inference_s": 0.2781824810008402,
                "result_format_s": 4.425399856700096e-05,
                "compute_s": 0.3233497890014405,
                "total_runtime_s": 0.32385153400173294,
                "mqtt_request_json_deserialize_s": 0.0015946399998938432,
                "mqtt_receive_ts": 1764961924.016492,
                "network_pi_to_jetson_s": 0.0,
                "sent_ts": 1764961924.054029,
                "received_ts": 1764961924.016492,
                "process_start_ts": 1764961924.0173063,
                "process_end_ts": 1764961924.3406615,
                "mqtt_json_deserialize_s": 4.611099939211272e-05,
                "image_bytes_retrieve_s": 5.929996405029669e-07,
                "mqtt_json_serialize_s": 0.0013017260007472942,
                "mqtt_publish_s": 0.0003142419991490897,
                "mqtt_wait_publish_s": 0.00494804799927806,
                "mqtt_wait_response_s": 0.3274409599998762
            }
        },
        "llm_backend_info": {},
        "s2_llm_confirmed": true,
        "timing": {
            "inference_s": 0.32741498947143555,
            "backend_queue_wait_s": 0.0005017450002924306,
            "backend_preprocess_s": 0.044726329999321024,
            "backend_inference_s": 0.2781824810008402,
            "backend_result_format_s": 4.425399856700096e-05,
            "backend_compute_s": 0.3233497890014405,
            "backend_total_runtime_s": 0.32385153400173294,
            "backend_mqtt_request_json_deserialize_s": 0.0015946399998938432,
            "backend_mqtt_receive_ts": 1764961924.016492,
            "backend_network_pi_to_jetson_s": 0.0,
            "backend_sent_ts": 1764961924.054029,
            "backend_received_ts": 1764961924.016492,
            "backend_process_start_ts": 1764961924.0173063,
            "backend_process_end_ts": 1764961924.3406615,
            "backend_mqtt_json_deserialize_s": 4.611099939211272e-05,
            "backend_image_bytes_retrieve_s": 5.929996405029669e-07,
            "backend_mqtt_json_serialize_s": 0.0013017260007472942,
            "backend_mqtt_publish_s": 0.0003142419991490897,
            "backend_mqtt_wait_publish_s": 0.00494804799927806,
            "backend_mqtt_wait_response_s": 0.3274409599998762,
            "fsm_baseline_lookup_s": 4.685000021709129e-06,
            "fsm_state_transition_s": 3.8148000385263003e-05,
            "fsm_tier_selection_s": 1.8889000784838572e-05,
            "fsm_infer_dispatch_s": 0.33985182200012787,
            "fsm_classification_core_s": 0.0022238939982344164,
            "fsm_state_evaluation_s": 7.926000762381591e-06,
            "fsm_s2_enforce_s": 8.2970000221394e-06,
            "fsm_total_s": 0.3427465869990556,
            "classification_s": 0.0022238939982344164
        }
    },
    "timing": {
        "json_parse_s": 0.0005509460006578593,
        "processor_queue_enter_ts": 1764961923.8239462,
        "collector_capture_ts": 1764951171.694574,
        "collector_capture_to_processor_receive_s": 10752.348227739334,
        "collector_capture_to_queue_enter_s": 10752.129372119904,
        "collector_publish_ts": 1764951171.7904227,
        "collector_publish_to_processor_receive_s": 10752.252379179,
        "collector_publish_to_queue_enter_s": 10752.03352355957,
        "process_start_ts": 1764961924.0428019,
        "pipeline_latency_s": 0.35056017900024017,
        "queue_wait_s": 0.21880890099964745,
        "processor_queue_exit_ts": 1764961924.0427551,
        "validation_storage_s": 0.002326560999790672,
        "inference_s": 0.32741498947143555,
        "backend_queue_wait_s": 0.0005017450002924306,
        "backend_preprocess_s": 0.044726329999321024,
        "backend_inference_s": 0.2781824810008402,
        "backend_result_format_s": 4.425399856700096e-05,
        "backend_compute_s": 0.3233497890014405,
        "backend_total_runtime_s": 0.32385153400173294,
        "backend_mqtt_request_json_deserialize_s": 0.0015946399998938432,
        "backend_mqtt_receive_ts": 1764961924.016492,
        "backend_network_pi_to_jetson_s": 0.0,
        "backend_sent_ts": 1764961924.054029,
        "backend_received_ts": 1764961924.016492,
        "backend_process_start_ts": 1764961924.0173063,
        "backend_process_end_ts": 1764961924.3406615,
        "backend_mqtt_json_deserialize_s": 4.611099939211272e-05,
        "backend_image_bytes_retrieve_s": 5.929996405029669e-07,
        "backend_mqtt_json_serialize_s": 0.0013017260007472942,
        "backend_mqtt_publish_s": 0.0003142419991490897,
        "backend_mqtt_wait_publish_s": 0.00494804799927806,
        "backend_mqtt_wait_response_s": 0.3274409599998762,
        "fsm_baseline_lookup_s": 4.685000021709129e-06,
        "fsm_state_transition_s": 3.8148000385263003e-05,
        "fsm_tier_selection_s": 1.8889000784838572e-05,
        "fsm_infer_dispatch_s": 0.33985182200012787,
        "fsm_classification_core_s": 0.0022238939982344164,
        "fsm_state_evaluation_s": 7.926000762381591e-06,
        "fsm_s2_enforce_s": 8.2970000221394e-06,
        "fsm_total_s": 0.3427465869990556,
        "classification_s": 0.0022238939982344164,
        "backend_latency_s": 0.32741498947143555,
        "backend_roundtrip_s": 0.32741498947143555,
        "baseline_update_s": 2.833001417457126e-06,
        "result_save_s": 0.0018935970001621172,
        "total_pipeline_latency_s": 0.5602477630000067
    }
}