{
    "sensor_data": {
        "temperature": 12.0,
        "humidity": 88.0,
        "pressure": 995.0
    },
    "metadata": {
        "timestamp": "2025-12-05T17:12:53.355046",
        "location": "55.4356, 10.4103",
        "camera_id": "video_camera_01",
        "motion": "slow",
        "resource_constrained": false,
        "collector_capture_ts": 1764951173.3226943,
        "video_timestamp_sec": 11.0,
        "video_file": "flood_video_20251005_150257.mp4",
        "collector_publish_ts": 1764951173.4169903,
        "run_id": "20251205-201129-633011",
        "processor_queue_enter_ts": 1764961925.382786,
        "processor_receive_ts": 1764961925.60162,
        "processor_queue_exit_ts": 1764961925.6015737,
        "sensor_baseline": {
            "temperature_baseline": 17.0,
            "humidity_baseline": 78.0,
            "pressure_baseline": 1016.0
        },
        "sensor_data": {
            "temperature": 12.0,
            "humidity": 88.0,
            "pressure": 995.0
        },
        "sensor_anomalies": {
            "delta_temperature": -5.0,
            "delta_humidity": 10.0,
            "delta_pressure": -21.0
        }
    },
    "classification_result": {
        "frame_index": 9,
        "state": "S2",
        "model_tier": "medium",
        "prediction": 2,
        "scores": {
            "combined_score": 1.9572789135916207,
            "image_score": 1.8772789135916206,
            "sensor_boost": 0.08,
            "sensor_prediction": "wet"
        },
        "counters": {
            "high": 2,
            "low": 0,
            "ambiguous": 0,
            "conflict": 0,
            "mid": 0
        },
        "llm_used": false,
        "llm_prediction": null,
        "conflict": false,
        "drift": false,
        "flapping": false,
        "skipped": false,
        "model_switched": false,
        "tier_requested": "medium",
        "backend": "remote",
        "backend_info": {
            "latency_s": 0.3388864994049072,
            "request_id": "502fd3192ab14c43ad230a1ba01bd854",
            "sent_at": 1764961925.618416,
            "received_at": 1764961925.9573026,
            "timing": {
                "queue_wait_s": 0.0004716659987025196,
                "preprocess_s": 0.04432986099891423,
                "inference_s": 0.2899202700009482,
                "result_format_s": 3.7919000533293e-05,
                "compute_s": 0.3346766469985596,
                "total_runtime_s": 0.3351483129972621,
                "mqtt_request_json_deserialize_s": 0.0014201809990481706,
                "mqtt_receive_ts": 1764961925.5743673,
                "network_pi_to_jetson_s": 0.0,
                "sent_ts": 1764961925.6122217,
                "received_ts": 1764961925.5743673,
                "process_start_ts": 1764961925.5752642,
                "process_end_ts": 1764961925.9099464,
                "mqtt_json_deserialize_s": 4.5073998990119435e-05,
                "image_bytes_retrieve_s": 6.660011422354728e-07,
                "mqtt_json_serialize_s": 0.0011381500007701106,
                "mqtt_publish_s": 0.00019685199913510587,
                "mqtt_wait_publish_s": 0.004835104000449064,
                "mqtt_wait_response_s": 0.33892378200107487
            }
        },
        "llm_backend_info": {},
        "s2_llm_confirmed": true,
        "timing": {
            "inference_s": 0.3388864994049072,
            "backend_queue_wait_s": 0.0004716659987025196,
            "backend_preprocess_s": 0.04432986099891423,
            "backend_inference_s": 0.2899202700009482,
            "backend_result_format_s": 3.7919000533293e-05,
            "backend_compute_s": 0.3346766469985596,
            "backend_total_runtime_s": 0.3351483129972621,
            "backend_mqtt_request_json_deserialize_s": 0.0014201809990481706,
            "backend_mqtt_receive_ts": 1764961925.5743673,
            "backend_network_pi_to_jetson_s": 0.0,
            "backend_sent_ts": 1764961925.6122217,
            "backend_received_ts": 1764961925.5743673,
            "backend_process_start_ts": 1764961925.5752642,
            "backend_process_end_ts": 1764961925.9099464,
            "backend_mqtt_json_deserialize_s": 4.5073998990119435e-05,
            "backend_image_bytes_retrieve_s": 6.660011422354728e-07,
            "backend_mqtt_json_serialize_s": 0.0011381500007701106,
            "backend_mqtt_publish_s": 0.00019685199913510587,
            "backend_mqtt_wait_publish_s": 0.004835104000449064,
            "backend_mqtt_wait_response_s": 0.33892378200107487,
            "fsm_baseline_lookup_s": 4.94499909109436e-06,
            "fsm_state_transition_s": 3.8406999010476284e-05,
            "fsm_tier_selection_s": 2.3869999495218508e-05,
            "fsm_infer_dispatch_s": 0.3506459939999331,
            "fsm_classification_core_s": 0.002210374999776832,
            "fsm_state_evaluation_s": 7.926000762381591e-06,
            "fsm_s2_enforce_s": 3.6290002753958106e-06,
            "fsm_total_s": 0.3535342790000868,
            "classification_s": 0.002210374999776832
        }
    },
    "timing": {
        "json_parse_s": 0.00048462999984622,
        "processor_queue_enter_ts": 1764961925.382786,
        "collector_capture_ts": 1764951173.3226943,
        "collector_capture_to_processor_receive_s": 10752.278925657272,
        "collector_capture_to_queue_enter_s": 10752.060091733932,
        "collector_publish_ts": 1764951173.4169903,
        "collector_publish_to_processor_receive_s": 10752.184629678726,
        "collector_publish_to_queue_enter_s": 10751.965795755386,
        "process_start_ts": 1764961925.60162,
        "pipeline_latency_s": 0.36089686900049855,
        "queue_wait_s": 0.21878764100074477,
        "processor_queue_exit_ts": 1764961925.6015737,
        "validation_storage_s": 0.0021640229988406645,
        "inference_s": 0.3388864994049072,
        "backend_queue_wait_s": 0.0004716659987025196,
        "backend_preprocess_s": 0.04432986099891423,
        "backend_inference_s": 0.2899202700009482,
        "backend_result_format_s": 3.7919000533293e-05,
        "backend_compute_s": 0.3346766469985596,
        "backend_total_runtime_s": 0.3351483129972621,
        "backend_mqtt_request_json_deserialize_s": 0.0014201809990481706,
        "backend_mqtt_receive_ts": 1764961925.5743673,
        "backend_network_pi_to_jetson_s": 0.0,
        "backend_sent_ts": 1764961925.6122217,
        "backend_received_ts": 1764961925.5743673,
        "backend_process_start_ts": 1764961925.5752642,
        "backend_process_end_ts": 1764961925.9099464,
        "backend_mqtt_json_deserialize_s": 4.5073998990119435e-05,
        "backend_image_bytes_retrieve_s": 6.660011422354728e-07,
        "backend_mqtt_json_serialize_s": 0.0011381500007701106,
        "backend_mqtt_publish_s": 0.00019685199913510587,
        "backend_mqtt_wait_publish_s": 0.004835104000449064,
        "backend_mqtt_wait_response_s": 0.33892378200107487,
        "fsm_baseline_lookup_s": 4.94499909109436e-06,
        "fsm_state_transition_s": 3.8406999010476284e-05,
        "fsm_tier_selection_s": 2.3869999495218508e-05,
        "fsm_infer_dispatch_s": 0.3506459939999331,
        "fsm_classification_core_s": 0.002210374999776832,
        "fsm_state_evaluation_s": 7.926000762381591e-06,
        "fsm_s2_enforce_s": 3.6290002753958106e-06,
        "fsm_total_s": 0.3535342790000868,
        "classification_s": 0.002210374999776832,
        "backend_latency_s": 0.3388864994049072,
        "backend_roundtrip_s": 0.3388864994049072,
        "baseline_update_s": 2.7779988158727065e-06,
        "result_save_s": 0.0018996150010934798,
        "total_pipeline_latency_s": 0.5705002860013337
    }
}