{
    "sensor_data": {
        "temperature": 12.0,
        "humidity": 88.0,
        "pressure": 995.0
    },
    "metadata": {
        "timestamp": "2025-12-05T17:12:53.821160",
        "location": "55.3889, 10.3245",
        "camera_id": "video_camera_01",
        "motion": "slow",
        "resource_constrained": false,
        "collector_capture_ts": 1764951173.7884169,
        "video_timestamp_sec": 11.5,
        "video_file": "flood_video_20251005_150257.mp4",
        "collector_publish_ts": 1764951173.8841329,
        "run_id": "20251205-201129-633011",
        "processor_queue_enter_ts": 1764961925.7560227,
        "processor_receive_ts": 1764961926.3901744,
        "processor_queue_exit_ts": 1764961926.3901262,
        "sensor_baseline": {
            "temperature_baseline": 17.0,
            "humidity_baseline": 78.0,
            "pressure_baseline": 1016.0
        },
        "sensor_data": {
            "temperature": 12.0,
            "humidity": 88.0,
            "pressure": 995.0
        },
        "sensor_anomalies": {
            "delta_temperature": -5.0,
            "delta_humidity": 10.0,
            "delta_pressure": -21.0
        }
    },
    "classification_result": {
        "frame_index": 10,
        "state": "S2",
        "model_tier": "large",
        "prediction": 2,
        "scores": {
            "combined_score": 1.0247121442777938,
            "image_score": 0.9447121442777937,
            "sensor_boost": 0.08,
            "sensor_prediction": "wet"
        },
        "counters": {
            "high": 4,
            "low": 0,
            "ambiguous": 0,
            "conflict": 0,
            "mid": 0
        },
        "llm_used": false,
        "llm_prediction": null,
        "conflict": false,
        "drift": false,
        "flapping": false,
        "skipped": false,
        "model_switched": false,
        "tier_requested": "large",
        "backend": "remote",
        "backend_info": {
            "latency_s": 0.3385894298553467,
            "request_id": "e85e21f44dea410fbc359c986ea37761",
            "sent_at": 1764961926.409428,
            "received_at": 1764961926.7480173,
            "timing": {
                "queue_wait_s": 0.0005746389997511869,
                "preprocess_s": 0.03867297700162453,
                "inference_s": 0.29529991500021424,
                "result_format_s": 3.686299896799028e-05,
                "compute_s": 0.334492075999151,
                "total_runtime_s": 0.33506671499890217,
                "mqtt_request_json_deserialize_s": 0.0015261609987646807,
                "mqtt_receive_ts": 1764961926.3656504,
                "network_pi_to_jetson_s": 0.0,
                "sent_ts": 1764961926.402255,
                "received_ts": 1764961926.3656504,
                "process_start_ts": 1764961926.366487,
                "process_end_ts": 1764961926.7009845,
                "mqtt_json_deserialize_s": 4.2888999814749695e-05,
                "image_bytes_retrieve_s": 7.220005500130355e-07,
                "mqtt_json_serialize_s": 0.0012671139993472025,
                "mqtt_publish_s": 0.00019466699995973613,
                "mqtt_wait_publish_s": 0.005689178999091382,
                "mqtt_wait_response_s": 0.3386785040001996
            }
        },
        "llm_backend_info": {},
        "s2_llm_confirmed": true,
        "timing": {
            "inference_s": 0.3385894298553467,
            "backend_queue_wait_s": 0.0005746389997511869,
            "backend_preprocess_s": 0.03867297700162453,
            "backend_inference_s": 0.29529991500021424,
            "backend_result_format_s": 3.686299896799028e-05,
            "backend_compute_s": 0.334492075999151,
            "backend_total_runtime_s": 0.33506671499890217,
            "backend_mqtt_request_json_deserialize_s": 0.0015261609987646807,
            "backend_mqtt_receive_ts": 1764961926.3656504,
            "backend_network_pi_to_jetson_s": 0.0,
            "backend_sent_ts": 1764961926.402255,
            "backend_received_ts": 1764961926.3656504,
            "backend_process_start_ts": 1764961926.366487,
            "backend_process_end_ts": 1764961926.7009845,
            "backend_mqtt_json_deserialize_s": 4.2888999814749695e-05,
            "backend_image_bytes_retrieve_s": 7.220005500130355e-07,
            "backend_mqtt_json_serialize_s": 0.0012671139993472025,
            "backend_mqtt_publish_s": 0.00019466699995973613,
            "backend_mqtt_wait_publish_s": 0.005689178999091382,
            "backend_mqtt_wait_response_s": 0.3386785040001996,
            "fsm_baseline_lookup_s": 5.166999471839517e-06,
            "fsm_state_transition_s": 3.5925999327446334e-05,
            "fsm_tier_selection_s": 1.7129999832832254e-05,
            "fsm_infer_dispatch_s": 0.3516752559989982,
            "fsm_classification_core_s": 0.002804432000630186,
            "fsm_state_evaluation_s": 5.612000677501783e-06,
            "fsm_s2_enforce_s": 4.0380000427830964e-06,
            "fsm_total_s": 0.35512759599987476,
            "classification_s": 0.002804432000630186
        }
    },
    "timing": {
        "json_parse_s": 0.0005349460006982554,
        "processor_queue_enter_ts": 1764961925.7560227,
        "collector_capture_ts": 1764951173.7884169,
        "collector_capture_to_processor_receive_s": 10752.601757526398,
        "collector_capture_to_queue_enter_s": 10751.967605829239,
        "collector_publish_ts": 1764951173.8841329,
        "collector_publish_to_processor_receive_s": 10752.506041526794,
        "collector_publish_to_queue_enter_s": 10751.871889829636,
        "process_start_ts": 1764961926.3901744,
        "pipeline_latency_s": 0.3637995980006963,
        "queue_wait_s": 0.6341035400000692,
        "processor_queue_exit_ts": 1764961926.3901262,
        "validation_storage_s": 0.0024816719997033942,
        "inference_s": 0.3385894298553467,
        "backend_queue_wait_s": 0.0005746389997511869,
        "backend_preprocess_s": 0.03867297700162453,
        "backend_inference_s": 0.29529991500021424,
        "backend_result_format_s": 3.686299896799028e-05,
        "backend_compute_s": 0.334492075999151,
        "backend_total_runtime_s": 0.33506671499890217,
        "backend_mqtt_request_json_deserialize_s": 0.0015261609987646807,
        "backend_mqtt_receive_ts": 1764961926.3656504,
        "backend_network_pi_to_jetson_s": 0.0,
        "backend_sent_ts": 1764961926.402255,
        "backend_received_ts": 1764961926.3656504,
        "backend_process_start_ts": 1764961926.366487,
        "backend_process_end_ts": 1764961926.7009845,
        "backend_mqtt_json_deserialize_s": 4.2888999814749695e-05,
        "backend_image_bytes_retrieve_s": 7.220005500130355e-07,
        "backend_mqtt_json_serialize_s": 0.0012671139993472025,
        "backend_mqtt_publish_s": 0.00019466699995973613,
        "backend_mqtt_wait_publish_s": 0.005689178999091382,
        "backend_mqtt_wait_response_s": 0.3386785040001996,
        "fsm_baseline_lookup_s": 5.166999471839517e-06,
        "fsm_state_transition_s": 3.5925999327446334e-05,
        "fsm_tier_selection_s": 1.7129999832832254e-05,
        "fsm_infer_dispatch_s": 0.3516752559989982,
        "fsm_classification_core_s": 0.002804432000630186,
        "fsm_state_evaluation_s": 5.612000677501783e-06,
        "fsm_s2_enforce_s": 4.0380000427830964e-06,
        "fsm_total_s": 0.35512759599987476,
        "classification_s": 0.002804432000630186,
        "backend_latency_s": 0.3385894298553467,
        "backend_roundtrip_s": 0.3385894298553467,
        "baseline_update_s": 2.369999492657371e-06,
        "result_save_s": 0.0018172449999838136,
        "total_pipeline_latency_s": 0.573297236000144
    }
}